video_id,channel_name,thumbnail_score_nn,perf_norm,performance_score
JIgqCBrnU8g,cozmouz,9.5,-0.18302853370420893,0.0078981528770854
UYq7KY90i4M,cozmouz,9.0,-0.45044041411726393,0.0033967662652394
oFqwcngsts8,cozmouz,18.9,2.7306742368877517,0.0569449739165329
MLDDhjtNNQU,cozmouz,8.3,-0.564481133099175,0.0014771007483688
MNzIazg3uE8,cozmouz,9.5,-0.07957687004657357,0.0096395711455721
a99i6o4_GQE,cozmouz,7.9,-0.6263503776886992,0.0004356459377219
oOtlQ5gs-Mk,cozmouz,9.2,-0.1712515299307146,0.0080963970502006
dqL66xD2b2s,cozmouz,16.7,1.8847149627666613,0.0427048072312919
CalwKr4dREY,cozmouz,8.5,-0.3333559134149361,0.0053676682427508
u647osOlrHQ,cozmouz,15.5,1.542553546496611,0.0369451498222448
gzpe60OtC_E,cozmouz,11.0,0.23537880463339161,0.0149412699898397
34vabMjXEnI,cozmouz,8.2,-0.6416159151348303,0.0001786787237877
DVswxSZwNDA,cozmouz,7.8,-0.601010287636722,0.0008621996941472
O3Gw7mtrgrs,cozmouz,8.9,-0.16330663322081526,0.0082301347570938
IMibQ7hCx6s,cozmouz,8.0,-0.6422263943426921,0.0001684024304202
GjF4habKGd4,cozmouz,8.0,-0.6436534596374505,0.0001443804138885
UeosWWpxZfM,cozmouz,7.9,-0.6455069785571075,0.0001131798358257
T43nj27aX5g,cozmouz,7.9,-0.6475171102532271,7.934297004777086e-05
GgvBpuCa1Ps,Emeka Moemeka,7.0,-1.1221213735982556,0.0695107858243451
WxouZFNtzbs,Emeka Moemeka,11.1,0.7969265157381437,0.2069568155039015
KfcE8rnf1JY,Emeka Moemeka,10.4,0.3251948578601113,0.1731704551896151
WbnyFaabVwU,Across The Rubicon,15.5,1.2310782628978674,0.0012597001763668
JhT5Gw82gXo,Across The Rubicon,12.5,0.9998632098290708,0.0011077744411077
5q9pClfX-Io,Across The Rubicon,15.1,1.4710487880281713,0.0014173789173789
DNHj8GwzvYg,Across The Rubicon,17.0,2.28584934162864,0.0019527643585614
DJ3Dto1ZZdI,Across The Rubicon,16.3,1.2529146859784925,0.0012740483539094
-c85Mtac5Qc,Across The Rubicon,12.8,0.9514108315378171,0.0010759375727929
ugIqYTcJoko,Across The Rubicon,9.9,0.3303616622029421,0.0006678614097968
vTkZK8PK114,Across The Rubicon,18.5,2.3638508650811514,0.0020040172447579
INw4OhXm8Sk,Across The Rubicon,9.7,0.05738640843104399,0.0004884960718294
cCALeEAiiIQ,Across The Rubicon,9.5,0.11356104968334368,0.0005254070495616
20C9LKGJ_dc,Across The Rubicon,9.7,0.38313255686373043,0.0007025358692025
c2m9QcRH7nI,Across The Rubicon,10.1,-0.0009931708166247047,0.0004501362834696
9LLOLFf5m_s,Across The Rubicon,9.7,0.30285739273865275,0.0006497890295358
nit5Gg0-pag,Across The Rubicon,19.0,2.6695857927027324,0.0022049081601927
y9Ey94vngNg,Across The Rubicon,10.9,0.482697198937321,0.0007679573512906
ms7EZB3uBS8,Across The Rubicon,12.9,0.8945305063593605,0.0010385629074767
x9OzDe5JuWo,Across The Rubicon,9.4,-0.16887636120066943,0.0003398243604429
qFwmj4jpRc0,Across The Rubicon,10.8,0.3573470193757853,0.0006855928255299
z_FpSyfwjw0,Across The Rubicon,10.2,0.2675666758128315,0.0006266003657978
7_Drt805Qbg,Across The Rubicon,10.1,-0.02462292665898349,0.0004346097509939
PqxBzVs19O4,Across The Rubicon,13.9,1.212802573113024,0.0012476916692602
4IJl6e4m7sQ,Across The Rubicon,15.9,1.6121620994288222,0.001510101010101
PdWV5X_K9vM,Across The Rubicon,11.4,0.45452095409262583,0.0007494434325035
FqLLKcM_MOc,Across The Rubicon,15.1,1.4119562135525872,0.0013785506373582
ce9lJz45bWM,Across The Rubicon,20.0,3.6576513414369822,0.0028541417761847
9HWUytz3aZQ,Across The Rubicon,17.7,2.1532966737716794,0.0018656672545561
Tzk7DC92cAk,Across The Rubicon,20.0,12.610002731313843,0.0087365121026538
QJRKjuAXqMw,Across The Rubicon,10.9,0.19862372590661917,0.0005812996458991
sSyIWuKvqwM,Across The Rubicon,9.4,-0.11870303285309607,0.000372792022792
sAX7nP7wBTs,Across The Rubicon,10.4,0.5163599762570115,0.0007900763358778
kYdweM7HoA8,Across The Rubicon,20.0,6.394631058673952,0.0046525439580995
vFSE2QvN5iI,Across The Rubicon,11.8,1.1368136206129198,0.0011977611940298
MiZrSkGqmQU,Across The Rubicon,10.3,0.10189442667598093,0.0005177411979881
um98hsS5KTk,Across The Rubicon,10.4,0.04831787619843163,0.0004825373619233
GU_Wz8dncNw,Across The Rubicon,9.6,-0.18306818356227447,0.000330499262365
MOPN14GEEU8,Across The Rubicon,9.5,-0.20523518851350464,0.0003159338675907
riqwhXG1Fus,Across The Rubicon,9.3,-0.2064495428100462,0.0003151359451937
ljrLOUUwPzM,Across The Rubicon,9.3,0.09046503561203838,0.0005102312257008
5w3AGIH96OQ,Across The Rubicon,9.2,-0.2760437834640538,0.0002694072781332
gIl9jDeCi_o,Across The Rubicon,9.6,-0.03465915050918891,0.0004280151946818
nBoHZT8wZqY,Across The Rubicon,10.6,0.3408030999641518,0.0006747222222222
ngkDQK2SJUE,Across The Rubicon,8.8,-0.30198764541831596,0.0002523602033405
MPcjFUALgAA,Across The Rubicon,9.2,-0.12601521530190427,0.0003679873672121
OGjJ3FSgeSU,Across The Rubicon,9.1,-0.27045830531880516,0.0002730773587042
dZ9mMJrwEqI,Across The Rubicon,8.9,-0.39982269136337123,0.0001880751964085
ESdu8RNo27o,Across The Rubicon,10.4,0.17902959520580217,0.0005684248236331
SiwbASbtpOs,Across The Rubicon,10.0,0.16424279608218112,0.000558708780931
Gdp06MObqxM,Across The Rubicon,10.3,0.27088111662763786,0.0006287782034908
RNdyw3BjZYw,Across The Rubicon,17.1,2.4282531425143077,0.0020463344002438
tYyr-dr_OzE,Across The Rubicon,9.2,-0.15411393579132596,0.0003495243877757
XqfoC-ha_nk,Across The Rubicon,9.7,-0.03339083073767885,0.0004288485764676
AuCtagYNCqc,Across The Rubicon,9.2,-0.1014993266909756,0.0003840961557763
58hxSWQFEAE,Across The Rubicon,9.1,-0.30111062453224213,0.0002529364722347
W3uWe0p12TA,Across The Rubicon,10.2,0.0528476111297031,0.0004855137395459
EkiOv4_VjY8,Across The Rubicon,9.9,-0.12310250968633982,0.0003699012345679
y7Vkldbs-Xg,Across The Rubicon,10.5,0.16951203552059177,0.0005621710688111
7uCXUMvM7q0,Across The Rubicon,9.5,-0.2519345353465694,0.0002852488732118
F4jAE4d88x0,Across The Rubicon,9.5,-0.028815704382093334,0.0004318547796808
oAHslPspqoY,Across The Rubicon,12.3,1.0092884915329425,0.0011139675623335
MHpj-HyRd_4,Across The Rubicon,9.6,0.2429252684031377,0.0006104091019123
-GxARUPJOMY,Across The Rubicon,10.0,0.2669862095420938,0.0006262189556612
WXrk04v0m-o,Across The Rubicon,9.6,0.1735355399749452,0.0005648148148148
9BdxQyQZjAg,Across The Rubicon,9.7,-0.1849212428241289,0.0003292816626149
24MNOh-Mx5E,Across The Rubicon,9.3,-0.33705091806572685,0.0002293209876543
QUslykVcEjA,Across The Rubicon,9.5,-0.18015342974448595,0.0003324144755442
uNKQQxGCaZE,Across The Rubicon,9.4,-0.2575344075964622,0.000281569334628
_--W5vQ10G0,Across The Rubicon,9.6,-0.17805655492998676,0.0003337922805085
VdQ2XxCoKyU,Across The Rubicon,9.2,-0.44318017751352434,0.0001595860566448
aBajheRdZUI,Across The Rubicon,9.0,-0.3316431943114437,0.0002328742701787
eZCvHVsJD6Q,Across The Rubicon,9.1,-0.412770579236887,0.0001795674571453
2y8VYCemWhE,Across The Rubicon,9.3,-0.2777162640058687,0.000268308332227
xaMl3kHNm-c,Across The Rubicon,9.5,-0.19771101496352092,0.000320877817319
5wKKP8TdKTA,Across The Rubicon,9.4,-0.3120030174403479,0.0002457793482528
kLyaZRWzyUs,Across The Rubicon,9.4,-0.2552004229846372,0.0002831029386193
jJGQhQma2Q0,Across The Rubicon,9.3,-0.2864623214902658,0.0002625615125615
SJ6-uke7iCU,Across The Rubicon,9.5,-0.24164541409993487,0.0002920096021947
JX8ZBqCLgyU,Across The Rubicon,9.3,-0.344712225512847,0.0002242869306087
KvQGAvnlGs8,Across The Rubicon,9.2,-0.18444958425910865,0.0003295915778792
0prUkINlUvE,Across The Rubicon,9.2,0.2234214761712365,0.0005975936388365
bnbc7p1x3y8,Across The Rubicon,9.6,-0.23712777966791151,0.0002949780288763
uXc8ngVTqj0,Across The Rubicon,9.1,-0.328591199865549,0.0002348796608055
kGVwJEKplSU,Across The Rubicon,9.1,-0.24451592980997117,0.0002901234567901
qrBt-T4B7hw,Across The Rubicon,9.0,-0.06709030507772762,0.0004067054791692
TYD-iLTXWZE,Across The Rubicon,9.3,-0.14083404675159975,0.0003582502768549
o7usuepuCAc,Across The Rubicon,9.3,-0.22435837698453998,0.0003033684899027
lbcKWT8au8k,Across The Rubicon,9.5,-0.0635726748937109,0.0004090168276086
NyvPX7DPhII,Across The Rubicon,9.4,-0.2422366291090252,0.000291621129326
fjL1nObZ2Uo,Across The Rubicon,9.3,-0.2842968404509631,0.0002639843969919
y4StH6MH2yU,Across The Rubicon,9.7,-0.18523078628205192,0.0003290782692077
1vTMgOj-15E,Across The Rubicon,9.1,-0.34246028286153496,0.0002257666268418
nEMBy5eJY8o,Across The Rubicon,9.1,-0.24713552631466446,0.0002884021842355
UqiWGNYR6Bo,Across The Rubicon,9.5,-0.23524157118100403,0.0002962174101684
GXYUFcfV96c,Across The Rubicon,9.4,-0.3154228204842575,0.0002435322796256
ZHL6ecQUP_I,Across The Rubicon,9.1,-0.335895255896771,0.0002300803448951
mpjyInxTO6o,Across The Rubicon,9.7,-0.04830346354764723,0.0004190498515393
TDI31Od0OBg,Across The Rubicon,9.3,0.35790832090405394,0.0006859616429847
PI4DfjoGVeA,Across The Rubicon,8.7,-0.33413099250990563,0.0002312395990556
vWj3psnIKe8,Across The Rubicon,9.0,-0.39993478381575953,0.0001880015432098
d2E23uQ-GS4,Across The Rubicon,9.3,-0.020571805283812094,0.0004372716433983
9oZJ7sQnkjQ,Across The Rubicon,9.3,-0.16365997364045692,0.0003432519206513
_lohRzSQFv4,Across The Rubicon,9.5,-0.23120717515386424,0.0002988683127572
JuEf1_jjR8c,Across The Rubicon,9.0,-0.25026820241062564,0.0002863437796771
qaZWsqqa_WA,Across The Rubicon,9.2,-0.3648278403602871,0.0002110694539119
xpAhdGM2Gtg,Across The Rubicon,9.0,-0.14025803310863225,0.0003586287612791
rKbMJIg6TJ8,Across The Rubicon,10.0,0.20375233228946824,0.0005846695272508
FGQSyYkrYWU,Across The Rubicon,9.5,0.14516669087602171,0.0005461743405005
cyZFzixtZrg,Across The Rubicon,9.6,-0.011790647856224225,0.0004430415263748
136YelMAPo4,Across The Rubicon,9.6,-0.13652272959745712,0.0003610831375181
dEj9s2ZTofE,Across The Rubicon,9.3,-0.3882900950988644,0.0001956529822995
eUOJxVIX75I,Across The Rubicon,9.3,-0.22665807777543123,0.0003018574129685
YPlfdtl5Z1E,Across The Rubicon,9.3,-0.15357238350704652,0.0003498802284871
13lVon1unVI,Across The Rubicon,9.2,-0.26743049708665095,0.0002750668571637
QrvrJREpErI,Across The Rubicon,9.0,-0.24284828216778054,0.0002912192271166
q7KeFIThwak,Across The Rubicon,9.2,-0.24737028010584555,0.0002882479332823
LRts9XoO4jI,Across The Rubicon,9.9,-0.06577336814185036,0.0004075708061002
eglYtNM8HFs,Across The Rubicon,10.0,0.04902510353927324,0.0004830020636472
Fxh9k-o-LW0,Across The Rubicon,9.3,-0.24227003466658883,0.0002915991793542
rMN9ajQBOig,Across The Rubicon,9.4,-0.3591277934363809,0.0002148148148148
BxAiuHPu9W0,Across The Rubicon,9.4,-0.22369660654055443,0.0003038033230156
SWMUOCMiRGs,Across The Rubicon,9.0,-0.27504777872690434,0.000270061728395
vIMkAmf9xNg,Across The Rubicon,9.5,-0.2037447007486669,0.0003169132305109
rBTC0Yg6sFU,Across The Rubicon,9.3,-0.44564664075390803,0.0001579654041989
qZaCzaJGajY,Across The Rubicon,8.9,-0.32801600995918473,0.0002352576039726
-0GKNf2owSY,Across The Rubicon,9.4,-0.36104831374328983,0.0002135528880681
Z-CcyoCg7Vc,Across The Rubicon,9.5,-0.0979941967163157,0.000386399290635
P5zPWaKKQLI,Across The Rubicon,9.2,-0.21306394298051073,0.000310789785219
o6jEUVyp6W8,Across The Rubicon,9.1,-0.3697406666796787,0.0002078413563427
ZcOyZdk38B0,Across The Rubicon,9.2,-0.34989675951640925,0.0002208803005904
uYMaZKwojCw,Across The Rubicon,9.4,-0.17784097325637907,0.0003339339339339
yTqZj9bGYK8,Across The Rubicon,8.9,-0.32573216315718484,0.0002367582636399
WVv1puC0u40,Across The Rubicon,9.3,-0.39669034198224873,0.0001901333862906
aAwkgLbaNlM,Across The Rubicon,9.2,-0.2579544647096986,0.0002812933254109
M761uDAf1i4,Across The Rubicon,9.1,0.0682832972700139,0.0004956561499771
kei3C_8JowM,Across The Rubicon,8.8,-0.26855968337148256,0.0002743248965764
5ryfiSUeShY,Across The Rubicon,9.2,-0.4580163729242135,0.0001498375568551
uiT2HsU1JsA,Across The Rubicon,9.4,-0.4770338666451243,0.0001373416285927
z4JzDxpKFc0,Across The Rubicon,9.3,-0.39261754797088366,0.0001928095192522
I30V0HMDaEA,Across The Rubicon,9.4,-0.19303935297734778,0.0003239474517252
qWiBHc-_5n4,Across The Rubicon,9.1,-0.3937213453313898,0.0001920842411038
Jt-np990pmw,Across The Rubicon,9.3,-0.3868700762513083,0.0001965860418241
yxFqbpkfxNw,Across The Rubicon,9.2,-0.35520354411126226,0.0002173933427097
SPnwdppXWaY,Across The Rubicon,9.0,-0.15618003211064457,0.000348166806605
8HfYeRbePLw,Across The Rubicon,9.4,-0.37261515213077934,0.0002059526025187
jj34LEGJ_Sc,Across The Rubicon,9.1,-0.42578116822568735,0.0001710185185185
c_yQm1rspII,Across The Rubicon,8.9,-0.46941963178739365,0.0001423447553954
YYzUf-wDpDs,Across The Rubicon,9.3,-0.14817072532558964,0.0003534295254725
yO8hhgHLt-E,Across The Rubicon,9.1,-0.21837899288491425,0.0003072973964063
uioXoOnFOyU,Across The Rubicon,9.0,-0.30476976427724933,0.0002505321413367
vM1f1Hpmtsg,Across The Rubicon,9.4,-0.20292198405437048,0.0003174538174538
-pJ3SbZaPe8,Across The Rubicon,9.4,-0.1144871190382661,0.000375562196263
zyvRhuCABz4,Across The Rubicon,9.1,-0.28545363627465975,0.0002632242948544
03j5HXu5CmI,Across The Rubicon,9.1,-0.2096192229565548,0.0003130532261821
_VRaRvPRjvk,Across The Rubicon,8.9,-0.38527850860499735,0.000197631821853
RSVbfxdiDUk,Across The Rubicon,9.0,-0.5356774060416796,9.88083984990404e-05
E-33-BjBTFI,Across The Rubicon,9.2,-0.42659481095459445,0.0001704838938555
gcOwl5SMIto,Across The Rubicon,9.3,-0.4084931065545903,0.0001823780794369
l0lKCKCeZE0,Across The Rubicon,9.1,-0.3052959036992989,0.0002501864280387
B5-I4fdROXY,Across The Rubicon,9.2,-0.33592840054350653,0.0002300585663614
mlS4_36p_G4,Across The Rubicon,9.3,-0.3923020802432373,0.0001930168053516
2BoxqxLelJs,Across The Rubicon,9.5,-0.060738970162178586,0.0004108787854229
-lVhgkknXyA,Across The Rubicon,9.5,-0.30492610311847856,0.0002504294149221
TNHGs5hxSzw,Across The Rubicon,9.5,0.4422503039759978,0.0007413806895448
F4GC4se2QZ4,Across The Rubicon,9.4,-0.44834869646784836,0.0001561899497222
sPhUDS4lvnI,Across The Rubicon,9.2,-0.20469960048598504,0.0003162857893354
yunga-3OXJc,Across The Rubicon,8.9,-0.4735446035300238,0.0001396343377275
sEeLsBf2qlU,Across The Rubicon,9.2,-0.4230494546676256,0.0001728134604365
ChZvTQ6z8L0,Across The Rubicon,9.0,-0.5123650801208652,0.0001141263555659
LBLNNneOAhA,Across The Rubicon,9.0,-0.47481667368377156,0.0001387984916576
IKDVyKkPFyI,Across The Rubicon,8.9,-0.4939288237723965,0.0001262403670197
r3LSEjjQvyo,Across The Rubicon,9.5,-0.3724365480924878,0.0002060699588477
bSZzKAbcchI,Across The Rubicon,9.4,-0.3538895769774027,0.0002182567182567
iqMh22uJ6Xg,Across The Rubicon,9.2,-0.42555251903298774,0.0001711687582899
-Mq-3_hItM0,Across The Rubicon,8.8,-0.4226425444152066,0.0001730808311741
JnxWqJutKoI,Across The Rubicon,9.3,-0.34714075131550676,0.0002226912059218
32_Rk8iQU8U,Across The Rubicon,9.4,-0.40589580967770844,0.0001840846994535
tSwSSbTEFkU,Across The Rubicon,9.4,-0.3118905997181602,0.0002458532151783
tyi1yDjGxAE,Across The Rubicon,9.3,-0.3318264729606884,0.0002327538422776
Rao3joLkv3o,Across The Rubicon,9.0,-0.41474196676681,0.0001782721067951
eepEYSvrcYQ,Across The Rubicon,9.1,-0.4167532114295214,0.0001769505673014
YJNFcO-eqqs,Across The Rubicon,8.9,-0.41769828534411124,0.0001763295824328
oKc1EYEmrQk,Across The Rubicon,8.9,-0.3149551784079011,0.0002438395557538
kp0Ew6irrM4,Across The Rubicon,9.2,-0.2696681111900215,0.0002735965758677
H7y8uHdpMJw,Across The Rubicon,9.4,-0.33118880307376575,0.0002331728395061
TZ_aJBkdvPg,Across The Rubicon,9.2,-0.2803344764399827,0.0002665879691112
tLcTJ__QD54,Across The Rubicon,9.3,-0.4489562954512365,0.0001557907113462
Vs8IV4hOWSs,Across The Rubicon,9.2,-0.3409107972934091,0.0002267847557702
scnAdaqndYU,Across The Rubicon,9.2,-0.3477247894471269,0.0002223074488031
rU4KfKs9kgM,Across The Rubicon,9.1,-0.2970358879710555,0.0002556138815981
nAfkjbPoszI,Across The Rubicon,8.8,-0.43605147432745184,0.0001642701525054
ojsZ1J-12Us,Across The Rubicon,9.2,-0.3630032194497259,0.0002122683675195
TmsNRVreymY,Across The Rubicon,9.3,-0.17014959347575173,0.0003389877507716
9APE1dpzVd8,Across The Rubicon,9.3,-0.24585275690303102,0.0002892450605251
E-wdzwydcI8,Across The Rubicon,9.9,0.12128139088578757,0.0005304798962386
g9NbxRamOsw,Across The Rubicon,9.2,-0.12928385237429865,0.0003658396260338
O1DGf7xDYys,Across The Rubicon,9.6,0.24246432947950702,0.0006101062302612
KkAWPPCKHKs,Across The Rubicon,9.4,0.0898489277525507,0.0005098263963512
w10GAdKRT5w,Across The Rubicon,9.2,-0.14137647516144305,0.0003578938604629
ZNgIbO5ep_c,Across The Rubicon,9.2,-0.3270021521394353,0.0002359237850567
l0UaBnamT48,Across The Rubicon,9.6,0.04887471759963916,0.0004829032487381
yK9yaEEHmHk,Across The Rubicon,9.4,0.022260213538644536,0.0004654155114807
hobWxZNFGDs,Across The Rubicon,9.5,-0.06877557928058711,0.0004055981268624
Kd9FQcuhD30,Across The Rubicon,9.0,-0.2576106307133485,0.0002815192502891
ciXEOMsV4WI,Across The Rubicon,9.6,0.13763098035476756,0.0005412228101116
CUzz4_a1PPI,Across The Rubicon,9.2,-0.18951945836357967,0.0003262602880658
fqJviX9SVqU,Across The Rubicon,9.1,-0.13572540692811802,0.0003616070386706
tK5zToeKNcE,Across The Rubicon,9.2,-0.1546486009225492,0.0003491730724435
BgIOvwzHJbk,Across The Rubicon,9.2,-0.15704702582907634,0.0003475971263165
XyQuVb7UvWw,Across The Rubicon,9.4,-0.03061232556404846,0.0004306742640075
Yo9IfPNI-iU,Across The Rubicon,9.6,0.43012598845680844,0.0007334140994577
i3hx510Mf1E,Across The Rubicon,9.1,-0.22428720805465044,0.0003034152532594
IPfKfG6rQAE,Across The Rubicon,9.2,0.1978803953971596,0.0005808112216694
dnmryDquZ5E,Across The Rubicon,9.5,0.7313311204304986,0.0009313285973745
RjtCdLcJ_DQ,Across The Rubicon,11.2,0.36589404593334884,0.0006912088668594
kO5IBmIbeJc,Across The Rubicon,9.5,0.054571569783889454,0.000486646510456
lDYl6JdrKDg,Across The Rubicon,9.4,-0.2177739719928206,0.0003076949407818
VpQEYmndKdA,Across The Rubicon,9.3,-0.15984486426417902,0.0003457587353651
_ebyTsMfPOM,Across The Rubicon,9.5,-0.10160015881794869,0.000384029901461
zenEg2EypcI,Across The Rubicon,15.0,1.6154750150262454,0.0015122778456111
QF_4ViLo9I4,Across The Rubicon,8.7,-0.2836221145850579,0.0002644277427945
lN_vlZBuDtg,Across The Rubicon,9.2,0.40489872525407006,0.0007168378841128
9Dxr7-ya1mQ,Across The Rubicon,9.3,0.15524205175678152,0.0005527946127946
cZi9z7TQ8mw,Across The Rubicon,9.2,-0.18236957252842154,0.0003309583025251
I4Z2qUi18EQ,Across The Rubicon,9.3,0.057688106542755045,0.0004886943102522
BFH8g-ATIBc,Across The Rubicon,9.3,-0.5855348949830319,6.60482664702074e-05
C71lo0S70Hw,Across The Rubicon,9.3,-0.18782724837200143,0.0003273721977091
fyA6afUd904,Across The Rubicon,9.2,-0.2263533940440365,0.0003020576131687
nFc-EltgsN0,Across The Rubicon,10.6,0.5266033401779736,0.0007968069988453
7QNoMaMh0lw,Across The Rubicon,10.8,0.149729046536875,0.0005491721524037
65Uf82gD7oE,Across The Rubicon,9.1,-0.401678769423443,0.0001868556130802
VzPM3d9I8FA,Across The Rubicon,9.5,-0.18814943950195068,0.0003271604938271
Ux9X62nAzL0,Across The Rubicon,9.2,-0.4236484343401084,0.0001724198855981
e2lZxwgZkGs,Across The Rubicon,9.4,-0.11103135737504385,0.0003778328924162
xajALOH9IN8,Across The Rubicon,9.2,-0.2800972768170517,0.0002667438271604
wkPTEYG1NF0,Across The Rubicon,9.2,-0.4417819000504311,0.0001605048304394
Q3o8qbTuPRo,Across The Rubicon,9.4,-0.24121699974737054,0.0002922911027486
2cQQR__pfpE,Across The Rubicon,9.6,-0.19080729002353666,0.0003254140854971
Ics9K-zf4ms,Across The Rubicon,9.3,-0.26440605901282005,0.0002770541411749
NUcVrnQrPu4,Across The Rubicon,9.3,-0.18371874020472553,0.0003300717975658
sLYlWYYi_aA,Across The Rubicon,9.5,0.18757728070215177,0.0005740412979351
MQccxuV-0a8,Across The Rubicon,9.5,-0.3540621123875112,0.0002181433494743
FdgibJ2LNZY,Across The Rubicon,9.7,0.07757830052187868,0.0005017636684303
NKz0-gVciXY,Across The Rubicon,9.2,-0.4115516012941634,0.0001803684176267
x0sV2cljZEQ,Across The Rubicon,9.2,-0.12873388465965724,0.0003662009963179
xOmTPDHroMk,Across The Rubicon,9.3,-0.32416280067434344,0.000237789453201
r-VkMhEnIAs,Across The Rubicon,9.0,-0.4202177693542562,0.0001746740913407
jVPX9U7NBVE,Across The Rubicon,9.4,-0.19575678432537325,0.0003221618942968
uOyvy1LxWYI,Across The Rubicon,9.2,-0.31019514460382336,0.0002469672571121
4S3LyOQVB4s,Across The Rubicon,9.2,-0.03167371380295343,0.0004299768518518
dKSM-GJ-j7s,Across The Rubicon,9.4,-0.4226027787382776,0.0001731069602242
myNSZG4hRQg,Across The Rubicon,9.4,-0.3639452754799965,0.0002116493656286
3RXAOmzsmAk,Across The Rubicon,9.3,-0.4834650670486094,0.0001331158446875
D7VH8vJWUFQ,Across The Rubicon,9.4,-0.37971452021268326,0.0002012877820349
sFgdiem6S00,Across The Rubicon,9.0,-0.39421213384683207,0.0001917617560187
nWK_f2GHSY8,Across The Rubicon,9.3,0.06191633021528613,0.0004914725722285
l5ys6wpq_2Q,Across The Rubicon,9.0,-0.3536393924647032,0.0002184211083582
GCtJ_TbI1BQ,Across The Rubicon,9.4,-0.25933143710838863,0.0002803885506511
IO6_GZcElM8,Across The Rubicon,9.6,-0.19420361809059553,0.0003231824417009
wF5Gul7_CXY,Across The Rubicon,9.4,-0.455505514265224,0.0001514873804407
Ljl_IfZASMo,Across The Rubicon,9.3,-0.21583655711500035,0.0003089679685363
XYvSmBDArtc,Across The Rubicon,9.2,-0.30091437391077136,0.0002530654237003
DGuVZ_kZFBE,Across The Rubicon,11.6,0.33294552508638015,0.0006695592026661
o6AvdGMptuE,Across The Rubicon,10.8,0.6494661601185343,0.0008775371416614
k20WpTbDpOM,Across The Rubicon,8.8,-0.5558328799405242,8.556473139806472e-05
Gs1VPUS_h1s,Across The Rubicon,9.4,-0.5075279202206481,0.0001173047345886
85fWhR-Gy8w,Across The Rubicon,8.5,-0.39558443940886634,0.0001908600477227
y9eIGGVJjw4,Across The Rubicon,8.7,-0.454030300384665,0.0001524567072665
IILAw0GqeSA,Across The Rubicon,9.1,-0.5016270646909549,0.0001211820418967
CVpRGQge_NM,Across The Rubicon,9.1,-0.45626730184530256,0.000150986828523
IlefEiaGFIE,Across The Rubicon,9.3,-0.3927877159460228,0.0001926977060532
VDwefEIZbmg,Across The Rubicon,9.2,-0.4580594108110491,0.0001498092777162
B5o6lxlM00c,Across The Rubicon,9.2,-0.31361083984763766,0.0002447228876195
e-pyDmn7bS8,Across The Rubicon,9.1,-0.4346009348538834,0.0001652232663841
OHsEkoZZ_0o,Across The Rubicon,9.0,-0.34223337430272804,0.0002259157228854
HyZJnsK9HQQ,Across The Rubicon,9.1,-0.16847697630031294,0.0003400867864564
qh2ydtx4dbE,Across The Rubicon,9.6,-0.32367974033333335,0.0002381068602924
eOqh6E1fElk,Across The Rubicon,9.3,-0.10315161516400903,0.0003830104775828
HaJY-H8UEjU,Across The Rubicon,8.9,-0.5869585026799538,6.511284880079206e-05
ck7ZUzoooVw,Across The Rubicon,9.2,-0.3294808030894475,0.000234295124366
EnyzKiQSEAM,Across The Rubicon,9.5,-0.47864069121206093,0.0001362858236158
xSo0TIP-vuw,Across The Rubicon,8.9,-0.5293013489479752,0.0001029979490891
aqhanPEw_oY,Across The Rubicon,9.8,-0.17221712259369135,0.0003376292281441
tQZZlgIKPtM,Across The Rubicon,9.4,-0.19485973596714048,0.0003227513227513
2gJgZIXkJW0,Across The Rubicon,9.4,-0.30108003726319826,0.0002529565703783
zpZy-oIXAvs,Across The Rubicon,9.1,-0.303037520178382,0.0002516703564091
wjOZpwOL1H8,Across The Rubicon,9.2,-0.18458865315183534,0.0003295001991238
8fk1nA7Oy4A,Across The Rubicon,9.2,-0.47792402937082645,0.0001367567245183
6lzpvAz7tQM,Across The Rubicon,9.1,-0.37510131973598376,0.0002043190028184
epuaCjexeeA,AI Warehouse,6.9,-1.1009907436007442,0.001000932849744
HD2_PHpxv9g,AI Warehouse,7.9,-0.8485043033627812,0.0026576127911929
v3UBlEJDXR0,AI Warehouse,9.7,-0.0768498756630566,0.0077207932570251
RqQdY9fSfJ4,AI Warehouse,6.6,-1.2008671828870026,0.0003455974842767
L_4BPjLBF4E,AI Warehouse,14.7,0.8833144506113694,0.0140208740785316
pJPdW8WWAso,AI Warehouse,8.9,-0.09654371079313018,0.0075915729250364
Xk2gwh0qG5s,AI Warehouse,7.2,-0.6614537724715246,0.0038849375626652
F6iVsA47qiM,AI Warehouse,10.6,0.26109626794929924,0.0099382137128917
hCmrMOzx5VA,AI Warehouse,13.2,1.0100713064534899,0.0148525842500436
MrbizZybHi4,AI Warehouse,8.8,0.12943731532851305,0.0090743386243386
2tamH76Tjvw,AI Warehouse,8.3,-0.5300475117275465,0.0047471546233128
M8eSyh4YlbI,AI Warehouse,13.9,1.1284070110088715,0.0156290393654524
xk8wHY1AFpI,AI Warehouse,8.5,-0.31043347842484814,0.0061881435472739
ta99S6Fh53c,AI Warehouse,17.1,2.505807305504095,0.0246667977380818
8fICnUvIw6g,AI Warehouse,9.5,0.0707079368274774,0.008688988095238
qvSyYY8LyPM,AI Warehouse,7.4,-1.163151014752481,0.0005930706521739
Kf2ZkaxEJiA,Gannon,15.0,1.0691621748292084,0.016977180820335
_lPKpoiH6e8,Gannon,8.4,-0.45856528001689145,0.0038822719618471
UILqxk6Edoo,Gannon,8.4,-0.4809112525652908,0.0036907335608402
wPr10fxN3fk,Gannon,7.7,-0.6359126735121499,0.0023621395935087
tlJ6kOlr524,Gannon,8.2,-0.6323973908587863,0.0023922708226174
A4ceSeluqbY,Gannon,9.3,-0.06781170888308415,0.0072316144010987
7SPNY3D0c5Y,Gannon,7.7,-0.6846910636535735,0.0019440358465743
zoDUhkOSldI,Gannon,16.5,1.4317098033139806,0.0200847561517918
tUtj5xO3ZuY,Gannon,8.0,-0.6076774102401731,0.0026041580228883
cHQY2caKROQ,Gannon,8.3,-0.3397211306596864,0.0049009440419099
lHHrZ2vB6Fw,Gannon,8.2,-0.5276948893326775,0.0032897278332844
glVrE7AcDKs,Gannon,18.6,2.4594881051403896,0.0288943531427054
JW6hZcNZJ-s,Gannon,8.1,-0.524977283561266,0.0033130217786652
gdKw3oh3r_M,Dingus Labs,9.1,-0.4230544013044885,0.0012386523670241
TYgxKNZPNMc,Dingus Labs,8.3,-0.4655671292019714,0.0009320261437908
NblSs6ONaJ0,Dingus Labs,8.6,-0.5158419185385992,0.000569415473045
0mfMfx3v_r8,Dingus Labs,8.8,-0.5099147173562771,0.0006121658539959
lgDCG-mT1lQ,Dingus Labs,8.6,-0.5017208379489297,0.0006712648208362
yQHsClSh9iM,Dingus Labs,9.4,-0.30168952418947914,0.0021140056022408
4GRea_dNnM0,Dingus Labs,9.1,-0.1625379027123114,0.0031176470588235
_dRTMRAtdQA,Dingus Labs,9.2,-0.003766321278115748,0.0042627989410867
UOvWqU1SBog,Dingus Labs,17.1,1.64884460857577,0.0161823786283072
Fv9kfX1rviM,Dingus Labs,18.1,2.691494114455843,0.0237025660158355
alwjrtZ35V0,Dingus Labs,8.2,-0.32363454097077726,0.0019557255306663
u7v4zOgC7Vo,Dingus Labs,8.6,-0.5692309883325051,0.0001843428220422
3sQ3likqpoE,Dingus Labs,8.5,-0.5633804411981581,0.0002265403299504
hTgfPui_TVg,Player2,9.1,-0.24622530357408917,0.001290203463683
PUwYd42zxNg,Player2,16.9,1.6595461250401384,0.0144348244348244
eAbb9LfkcP8,Player2,20.0,3.6535151830311343,0.0281877683093865
EKXgz6zWmoo,Player2,9.2,-0.1969157625737117,0.0016303047040412
nqw4smbLdm8,Player2,9.3,-0.18115178065584145,0.0017390331507978
zAp3z798oOA,Player2,9.1,-0.32316227220385574,0.0007595483829516
iqiH_YILv7A,Player2,9.2,-0.36964842735504344,0.0004389207983979
oQXyM9yJ460,Player2,9.3,-0.31649232415722967,0.000805552818559
whJ7D-iOeQo,Player2,8.6,-0.3745068118394213,0.0004054112066282
VDNY5X8S8aw,Player2,9.5,0.0811292666677688,0.0035480564697641
hOgS03h1c1E,Player2,8.5,-0.364029808009153,0.0004776739356178
agoxWFy_Mwo,Player2,8.7,-0.39543819579606104,0.0002610417904535
A7QPPiTL1OE,Player2,8.2,-0.3826228491339779,0.0003494327023738
KUWQTCc1h8E,Player2,8.8,-0.3454719440880981,0.0006056725421735
152ZSAoNUWE,Player2,8.7,-0.35304383171789233,0.0005534471853257
Ip-YB3ts9c4,Player2,9.2,-0.39422863403514496,0.0002693844650522
SNjKPolnFqw,Player2,9.0,-0.39709791693781454,0.0002495942448567
7qxTjQslxpc,Player2,8.7,-0.3954251840554358,0.0002611315359477
ymWbvHDK5jk,Player2,8.7,-0.3587295286062726,0.0005142313961537
AGlNeGBlO-0,DougDougDoug,20.0,6.3240379557048545,0.0707462235649546
dZkqh0WtRyk,DougDougDoug,20.0,6.653588241358942,0.0741582186416023
BY9jip11PiI,DougDougDoug,19.4,2.08531717487718,0.0268606769122991
Uqe2GCxjlWk,DougDougDoug,17.1,1.9695565097642562,0.0256621502029357
ebC09easFdQ,DougDougDoug,9.5,-0.19696277343537077,0.0032311178247734
tZ4VB-NZVMM,DougDougDoug,14.6,1.208939807910816,0.0177871139644175
XfApxifKvMg,DougDougDoug,14.1,1.1698435067137907,0.0173823308614849
GV5pVM0Wxco,DougDougDoug,15.1,1.6778338453163149,0.0226418029655866
rZL1mtdtoSA,DougDougDoug,9.4,0.09765411046208254,0.0062814303297686
k51ixKpAE88,DougDougDoug,16.5,1.1578130480159923,0.0172577736462932
ItQHQIJvF98,DougDougDoug,11.2,0.34469693967198184,0.0088391854089739
RhmRDXRdYFM,DougDougDoug,9.5,0.1978463814633967,0.0073187698504919
sAf78N6WTN0,DougDougDoug,9.8,0.02697095125021027,0.0055496130571659
ikhclgBZ818,DougDougDoug,11.3,0.6338388405037719,0.0118328127400276
OYf6n-tlLC0,DougDougDoug,9.9,0.2807414670839201,0.0081770231621349
JK03aFeiDEs,DougDougDoug,10.4,0.5418696944455171,0.010880611248436
t-4_y299yx4,DougDougDoug,18.0,2.289741869100356,0.0289771856231027
kGa-fPqe9Fc,DougDougDoug,9.6,0.6919099794321143,0.012434051606277
-FcVoGweQeI,DougDougDoug,9.5,-0.1495100765924996,0.0037224187735199
rKjfbusKYQA,DougDougDoug,9.7,0.319426537047094,0.008577548587237
NJk5S8KSnwM,DougDougDoug,9.6,-0.02940994363063179,0.0049658741131422
R_7vCkqJgS0,DougDougDoug,9.5,0.08714806472473817,0.006172656106558
JJbvdNzJwB4,DougDougDoug,9.9,0.11879824237389813,0.0065003458553307
-7uhGRdNC9Y,DougDougDoug,9.6,-0.10300460052595065,0.0042039126828979
XsQAcT_hTxU,DougDougDoug,9.9,0.09650499316603856,0.0062695329571148
t_9QeNinUBg,DougDougDoug,9.1,-0.23817752481145718,0.0028044013723772
nu1W7i-Uy0E,DougDougDoug,9.6,0.007500923986340256,0.0053480303547426
SyizoQgNEwE,DougDougDoug,9.2,-0.2727126107691594,0.0024468427587489
LH3tJyXQ3So,DougDougDoug,9.5,-0.21386122343628328,0.0030561599178438
er4Z1GhNxTs,DougDougDoug,9.4,-0.07967832789999477,0.004445420977143
loIBebkage4,DougDougDoug,9.3,-0.20450094036692074,0.0031530715005035
NB8i9cdqcaU,DougDougDoug,9.5,0.13874014606239288,0.0067068141248668
BT9R5o9A3Mk,DougDougDoug,9.2,-0.09497766710259513,0.0042870194453961
N4Iz53Guw90,DougDougDoug,9.6,-0.15178368080957935,0.0036988790385155
GFsWg9fPsso,DougDougDoug,8.8,-0.3003174528247134,0.0021610363453263
iFb-elCu6GE,DougDougDoug,9.4,-0.29186475681004115,0.0022485512358967
sOt7JgvZi5g,DougDougDoug,9.2,-0.19287242387988215,0.003273467211658
gu6LFZLTOr0,DougDougDoug,9.6,-0.1897342718208273,0.0033059580327599
rPh-wiS8sjI,DougDougDoug,9.7,0.055138361020104006,0.005841244008922
l7f3MtdE-tU,DougDougDoug,8.9,-0.3044507409044096,0.0021182423949272
NknoNGr95ko,DougDougDoug,8.9,-0.24625774233798187,0.0027207429335322
0jQTI66llYQ,DougDougDoug,9.7,0.0409960538073328,0.0056948217945196
WSVeQ8SeClM,DougDougDoug,9.6,-0.14495032222500462,0.0037696281377046
m8M_BjRErmM,DougDougDoug,9.5,-0.3238799360575869,0.0019170824472904
khyEdbGR0uU,DougDougDoug,9.3,-0.2967429462340199,0.0021980449580322
7VXIHrrcGe8,DougDougDoug,9.6,-0.1756452963869243,0.0034518280772057
3RS0g_nth-M,DougDougDoug,9.4,-0.2335822766386397,0.0028519782212654
0I-faMBoh94,DougDougDoug,9.4,-0.20498550165250964,0.0031480546008292
pt7GtDMTd3k,DougDougDoug,9.3,-0.29580854192141653,0.0022077193022916
B7Ljn6ZXI6E,DougDougDoug,9.6,-0.14315488852814898,0.0037882171397501
1AYYIKQr3GQ,DougDougDoug,9.2,-0.19269567423442643,0.003275297187071
1ryx8HFsdmc,DougDougDoug,9.8,0.14365082070655438,0.0067576567380833
lbbv3sNsnWU,DougDougDoug,9.6,-0.21205552997441218,0.0030748551442479
GbVtRX-DSaM,DougDougDoug,8.8,-0.3926079343961378,0.0012055079102101
V_fcD2ewqk4,DougDougDoug,10.0,0.1638077502813354,0.0069663512756498
cz3FW6MTjjM,DougDougDoug,9.2,-0.17960383474491007,0.0034108433960322
BtuB8J--8H0,DougDougDoug,9.5,0.03447447977107514,0.0056273007530508
VcJuQW7Y0eM,DougDougDoug,9.1,-0.19405238729643925,0.0032612504740517
RelZjAxNdE8,DougDougDoug,9.3,-0.2456932426318121,0.0027265874747208
q5hx3tW3-is,DougDougDoug,9.3,-0.39417686990064726,0.0011892639545833
5EKkH134Plk,DougDougDoug,9.1,-0.3337351858171521,0.0018150462327199
FaiAIkMQhMQ,DougDougDoug,9.1,-0.28244219913681623,0.0023461075779483
RbvLlyrR8Zk,DougDougDoug,9.2,-0.34039421540307224,0.0017461020468051
Q6fjwHPVqjQ,DougDougDoug,9.1,-0.09431911509398849,0.0042938377560118
VZGj6Iu36bM,DougDougDoug,9.3,-0.2300844941680566,0.0028881924716798
VP6zmvpT_X0,DougDougDoug,9.4,-0.4494374738641875,0.000617123929634
q2_xneW8KQY,DougDougDoug,8.8,-0.44728145064814173,0.0006394462911021
XBjT6K06tB4,DougDougDoug,9.1,-0.3890311164975009,0.0012425404530161
gCoh1QPULzs,DougDougDoug,9.5,-0.23246119895383058,0.0028635852861281
_kVZ2iZxBu0,DougDougDoug,9.5,-0.12368525307748464,0.0039897957855399
vYE1rkIMj9w,DougDougDoug,9.2,-0.4532906334338228,0.0005772302865287
Fu-JEoPcvAE,DougDougDoug,9.1,-0.30729966364363853,0.0020887461062479
F8kx7zMdvRI,DougDougDoug,9.2,-0.42825048836401985,0.0008364831393282
5n7J2ghGB6I,DougDougDoug,9.2,-0.030966042067970642,0.0049497630659421
vZnJpv0F0-s,DougDougDoug,9.3,-0.09631168887024803,0.0042732076664309
9xGcVsZqTM8,DougDougDoug,9.5,-0.32356360625525993,0.0019203575642456
ImDqXeXv2S0,DougDougDoug,9.1,-0.33896435378248796,0.0017609061025808
DqZ17BF7JgE,DougDougDoug,9.6,-0.2987381658251977,0.0021773874750371
iVEAx4T5MZU,DougDougDoug,8.5,-0.41516630572841057,0.0009719500731409
-8AxHGg_8Jw,DougDougDoug,9.3,-0.2880294984896583,0.0022882595386246
FeZ5ruaMSeA,DougDougDoug,9.1,-0.27639236800274714,0.0024087444347273
DqEvejjwyJQ,DougDougDoug,9.4,-0.1682371080506495,0.0035285286695905
cwQo31LtX9M,DougDougDoug,8.9,-0.32373737330640984,0.0019185584690883
3-hWGTrfCJM,DougDougDoug,9.2,-0.3224404460521382,0.0019319861904376
J6J4jod--Mk,DougDougDoug,8.4,-0.4456277698214999,0.0006565676564429
TQdga4T2Y_k,DougDougDoug,9.1,-0.3738518612101862,0.0013996986973329
lNzWsp5UUPA,DougDougDoug,9.0,-0.4842657392270605,0.0002565298864201
dkZDz6p9ebs,DougDougDoug,8.5,-0.4937705708536979,0.000158121721942
bZ0e6fLr_QM,DougDougDoug,8.9,-0.4637724472107531,0.0004687069486404
REnFIJhVA-g,DougDougDoug,9.1,-0.1355334352156121,0.0038671257686037
rrnDNdvDmcI,DougDougDoug,8.9,-0.3508451958693072,0.001637897941243
E40qZCxcKG8,DougDougDoug,9.1,-0.3265593170332398,0.0018893415073023
iOhxpfxjYsY,DougDougDoug,9.6,-0.18346486831972572,0.0033708682295052
F1DKmF1if3Q,DougDougDoug,9.4,-0.425394343390908,0.0008660542033226
n81FmV0tpEI,DougDougDoug,8.3,-0.3614511928553313,0.0015280888739335
o0ywILsAeW8,DougDougDoug,8.8,-0.49504626144212177,0.0001449138741673
2tntujtDUWc,DougDougDoug,8.9,-0.4852310235763591,0.0002465358260574
Yc_Hv4cz2FI,DougDougDoug,8.7,-0.41298695490423193,0.0009945139567304
3Hts5QJizK0,DougDougDoug,9.0,-0.4203645051603474,0.0009181305753547
dAos-0k4K8g,DougDougDoug,8.4,-0.45118069472100936,0.0005990755126248
JKvdna3R_sI,DougDougDoug,8.7,-0.5024678883416184,6.807414577338022e-05
iVKNnAnR6e8,DougDougDoug,8.9,-0.4146084351488509,0.0009777259797437
Uurl2U-upLU,DougDougDoug,9.0,-0.40606569922976543,0.0010661730974246
OkEC25JknC8,DougDougDoug,8.6,-0.5027813545886217,6.482867660515364e-05
PiuBpuFtXRY,DougDougDoug,9.0,-0.4481485908142718,0.0006304683654064
dpQP_eobwKA,DougDougDoug,8.9,-0.30062216868715286,0.0021578814731636
mI-YYF2rbpU,DougDougDoug,9.3,-0.45448959708590675,0.0005648168302033
sYnKM9hsGeY,DougDougDoug,9.1,-0.4882438193883381,0.0002153428794119
3je9J_TxoVA,DougDougDoug,8.7,-0.5052242925690814,3.953574643718148e-05
o2jy1LFZ6s4,DougDougDoug,9.0,-0.472862907439569,0.0003745889736442
XJkfQekBNHI,DougDougDoug,9.0,-0.4481612096176745,0.0006303377167711
u6nKI33oTm0,DougDougDoug,9.4,-0.4856630346188045,0.0002420630047186
fogEZqHnzTU,DougDougDoug,8.9,-0.4778131008011584,0.0003233372038432
Ib0KZT4Hfxk,DougDougDoug,9.0,-0.4843758509218734,0.0002553898462595
Z_ONnvTArns,DougDougDoug,8.5,-0.4978222913079729,0.0001161722810107
o-crexTLXbc,DougDougDoug,8.9,-0.5025420255409526,6.730656713626053e-05
2HgBWSBpqfA,DougDougDoug,9.4,-0.49925551997489753,0.0001013333645596
iulAqcp0Ics,DougDougDoug,8.8,-0.47392134382029505,0.0003636304647999
z9dWrHJ-tY8,Will Kwan,9.0,-0.2642898817332404,0.0002182577421774
9Xs2pKhrim4,Will Kwan,9.1,-0.30328433073992705,0.0001483130762782
-7zlVKl2kbs,Will Kwan,9.1,-0.3630714427946418,4.107243859082095e-05
QXlk-kxuXuc,Will Kwan,9.1,-0.2622875547553441,0.0002218493326488
uqNKWqa1u-E,Will Kwan,9.1,-0.3334783147802521,9.415387722132472e-05
RtaFGpKZ8wY,Will Kwan,9.5,-0.3337629388288077,9.36433447098976e-05
TuuU6P9mz24,Will Kwan,8.6,-0.36055961358458744,4.5577927432655305e-05
eH1x9OVED4o,Will Kwan,8.8,-0.3396827894124367,8.302485972568578e-05
0vWR-0PderA,Will Kwan,9.0,-0.3182902575779592,0.0001213968211206
9EFlJBVDhfA,Will Kwan,9.1,-0.3616727567789297,4.358127327265205e-05
pXkHxy6nkfs,Will Kwan,9.1,-0.36224460066885183,4.255555215475024e-05
SxYafeymU74,Will Kwan,8.8,-0.3437761219758702,7.568261523046092e-05
_BvhBsj72Uo,Will Kwan,8.8,-0.3307180421717992,9.910500104297038e-05
qFxZs3q4n0c,Will Kwan,9.3,-0.3158196738429503,0.0001258283276125
qHz2pbCOOh8,Will Kwan,8.7,-0.35302684564058723,5.908951563458001e-05
BVApwbuzDSY,Will Kwan,9.1,-0.30194230754458207,0.0001507202743902
KB0bJHNyay8,Will Kwan,9.0,-0.10621092290274031,0.0005018052788844
S6S8qEKMR-M,Will Kwan,9.1,-0.2631542895681615,0.000220294663242
D2kiDcsAFts,Will Kwan,9.5,0.11088337190949532,0.0008912091121495
8am_Aqok5z0,Will Kwan,8.5,-0.3423745843408213,7.819656488549619e-05
K5z8Rkol-6M,Will Kwan,9.2,-0.3689118782287187,3.0596401217596225e-05
-oUVr_B_cQo,Will Kwan,9.1,-0.0856997722643112,0.0005385962995337
vEvXWUUTzqU,Will Kwan,20.0,5.274341813938448,0.0101529472521137
pctzpu_wJyE,Will Kwan,9.3,-0.009117244765101588,0.0006759630129018
IuEomWBzTvU,Will Kwan,9.2,-0.1217446925896891,0.0004739422276403
iFAe7x2Nos8,Will Kwan,9.4,0.014459458379965607,0.0007182527404526
zkIfCo2JxJY,Will Kwan,17.8,2.3108758875367763,0.0048373538944467
6K_KJANy25g,Will Kwan,8.9,-0.2920240031717434,0.0001685108190271
5tkn9QvObnk,Will Kwan,9.2,-0.310726294643544,0.000134964364035
xsxvuzM5Oyg,Will Kwan,8.7,-0.30517357023480257,0.000144924331761
HmyMFZQDWyU,Will Kwan,9.3,-0.25693843370440494,0.0002314440953469
_yc4WvmYlas,Will Kwan,8.9,-0.2996761186027605,0.00015478515625
aF3Idj_PeYY,Will Kwan,8.7,-0.34482893080637567,7.379418331819558e-05
ESZQN3RzylQ,Will Kwan,9.4,0.10058398612722845,0.0008727350186347
cOm9XKga7l0,Will Kwan,9.1,-0.31190655269040224,0.0001328473254086
LSh2tQ6OyZs,Will Kwan,14.6,0.94921443560115,0.0023949304790748
ofZtyysHp1s,Will Kwan,8.7,-0.34121131936015886,8.028312290842713e-05
smnFU2pEHH0,Will Kwan,9.8,0.24724712721143713,0.0011358059085735
KqwLfFN-DJQ,Yomi Denzel,9.0,-0.09186319885724788,0.0021361003861003
JRJYw-Qq0vA,Yomi Denzel,10.1,0.246722294241612,0.0043277027027027
EbrmdDhLKLc,Yomi Denzel,20.0,4.070300192811247,0.029077027027027
GR9JzaszwxQ,Yomi Denzel,20.0,8.573330671079754,0.0582243243243243
w0dno53KzrM,Yomi Denzel,20.0,4.142118194782788,0.0295418918918918
3BMmNx20eVM,Yomi Denzel,10.3,0.3625914543992002,0.0050777027027027
2zje8244Q0w,Yomi Denzel,9.3,0.23467868671622014,0.0042497466216216
Y8XnYxPIc4g,Yomi Denzel,20.0,3.979483824039074,0.0284891891891891
DOWzv2kvT4E,Yomi Denzel,9.4,0.06658576507169042,0.0031617117117117
YxPhHYV2Hk0,Yomi Denzel,9.3,0.18028020375484582,0.0038976351351351
59Zh4T88G6Q,Yomi Denzel,9.0,-0.35651110505757144,0.0004230826220957
Fpl6O6VcYSE,Philipp Humm,19.1,3.2430358321790353,0.0142456
AFlcw1_ujrw,Philipp Humm,9.2,0.302999944560057,0.0032965714285714
_XYmC2VUMyY,Philipp Humm,16.1,1.643433851795325,0.0082885
ONxZfEnMhak,Philipp Humm,11.5,1.277634682540807,0.0069262222222222
Pvzuxzdkv7E,Philipp Humm,9.2,-0.032754986032080095,0.0020461818181818
eQAXOUzXxdg,Philipp Humm,9.7,0.34969296031425706,0.0034704615384615
k-JJBtdEWFk,Philipp Humm,9.0,-0.22882359028646318,0.001316
fIXtenk2ZKg,Philipp Humm,12.5,1.3105731665224356,0.0070488888888888
pvm1aVSqv6M,Philipp Humm,8.8,-0.32676024868644615,0.0009512727272727
fbUGgkmTk8o,Philipp Humm,9.4,0.005748027975684281,0.0021895714285714
OzPIQbY7zH4,Philipp Humm,9.1,-0.008923407008999304,0.0021349333333333
6qIMGSDRVTM,Philipp Humm,9.1,-0.3168368561802989,0.0009882285714285
Dg00hYIsi_M,Philipp Humm,9.1,-0.3505721230294617,0.0008625945945945
QwDWJJxPBWI,Philipp Humm,9.3,-0.3186332861595151,0.0009815384615384
UNKSfU3vu2U,Philipp Humm,13.6,0.8405460992767685,0.0052984545454545
Qz_sL8KVmcw,Philipp Humm,9.0,-0.1892046479676442,0.0014635454545454
yBHpkf17v-8,Philipp Humm,9.0,-0.36866893640854204,0.0007952
NeGFIioys_E,Philipp Humm,9.1,-0.42508332694307194,0.0005851063829787
cwXMVbo7IAI,Philipp Humm,9.3,-0.12535378734412495,0.0017013333333333
c8EDxyzNoHA,Philipp Humm,9.2,-0.40076458961689904,0.0006756721311475
YtkrIaONxu0,Philipp Humm,9.2,0.028167071335967978,0.0022730625
Wh8hfvojxeQ,Philipp Humm,8.6,-0.3760368114432563,0.0007677611940298
OahwQSlPG0I,Philipp Humm,9.0,-0.4738035648999795,0.0004036666666666
Z0XwMgItDHs,Philipp Humm,9.1,-0.2612401312925066,0.0011952771084337
I9iFd2qw1e4,Philipp Humm,9.3,-0.4211069419665637,0.000599914893617
xHpCvDOGmRA,Philipp Humm,8.9,-0.4253692248332169,0.0005840416666666
qLdwSFgjZpQ,Philipp Humm,8.7,-0.3337926312904839,0.0009250833333333
o4ceJj-paFA,Philipp Humm,8.8,-0.5176262434750787,0.0002404660194174
Uccqw_Lidbs,Philipp Humm,8.9,-0.4422772985286588,0.000521074074074
ghDY5WeFxNQ,Philipp Humm,8.8,-0.26206097754318314,0.0011922201834862
VSdGNVkNT5g,Philipp Humm,8.9,-0.4798516638608927,0.0003811428571428
9HJ0AHfx7BE,Philipp Humm,20.0,4.944302356951764,0.0205813103448275
9RL6jIMMZJE,Philipp Humm,8.9,-0.527727589086022,0.0002028474576271
EZ8vu8CVnXc,Philipp Humm,9.1,-0.3299192633694805,0.0009395081967213
x-bAEQ5utOM,Philipp Humm,8.8,-0.5196589469804112,0.000232896
dUkTu6YEU38,Philipp Humm,8.9,-0.507868168689144,0.0002768062015503
v2yltFguI6U,Philipp Humm,8.9,-0.45948043513506476,0.0004570076335877
KD6w3xPXNzc,Philipp Humm,9.1,-0.5094028404483101,0.0002710909090909
4aLEICaDCqI,Philipp Humm,9.5,-0.3814842123328003,0.0007474744525547
QpZhAwiEJ-c,Philipp Humm,8.3,-0.4865263100714478,0.0003562857142857
JzkZTkq4shA,Philipp Humm,8.7,-0.5155286281684002,0.0002482777777777
mMVeDQruO9A,Philipp Humm,8.9,-0.5367121967679814,0.000169387755102
GilMJVz2wvA,Philipp Humm,9.0,-0.5442904268656555,0.0001411655629139
UMJoTX6HUh0,Philipp Humm,8.8,-0.5058592666223088,0.0002842875816993
kitEytkV_hU,Philipp Humm,8.8,-0.5357810784173282,0.0001728553459119
N5suW_sZnjs,Philipp Humm,9.1,-0.5497037185638152,0.0001210058479532
lSwkMutBsGk,Philipp Humm,8.7,-0.2565022955912672,0.0012129213483146
eFskTe27bNc,Philipp Humm,8.7,-0.5352755562868431,0.0001747379679144
1Anw1adlP50,Philipp Humm,8.5,-0.5319303556175897,0.0001871958762886
Fx7diwJaWW8,Philipp Humm,9.1,-0.2356047285364205,0.0012907462686567
H9rTYIlkEXU,Philipp Humm,9.0,-0.5003750206495895,0.0003047115384615
9JAAtcduks0,Philipp Humm,12.8,1.0537295044007742,0.0060923738317757
iflRcolPnYc,Philipp Humm,8.8,-0.5476199720237274,0.0001287659574468
hAOp4K3Yys0,Philipp Humm,16.9,1.6029327871680976,0.0081376694214876
1S0mNJ9Mskc,Aprilynne Alter,8.9,-0.1504126379306013,0.0012683257480391
Qun62mlegJE,Aprilynne Alter,8.5,-0.5810654700973492,0.0001447036138583
e1wcnodjdzY,Aprilynne Alter,8.9,-0.6198674126330903,4.346494032395567e-05
659t-D3e0Z0,Aprilynne Alter,11.4,0.43779606636497514,0.002803029041035
yqMwXF0Qk0Q,Aprilynne Alter,8.4,-0.6141035722219983,5.850345436600696e-05
1j0yHgDw4N4,Aprilynne Alter,8.2,-0.6152239548406461,5.558024890900275e-05
o4yf_v6vBDA,Aprilynne Alter,8.6,-0.6229596318597137,3.539698928020598e-05
4wMc7C1vVeo,Aprilynne Alter,8.8,-0.5431587716529686,0.0002436064939149
n5upxXteYuY,Aprilynne Alter,14.7,1.065360508418321,0.0044404159221758
fyj3odefyCY,Aprilynne Alter,8.0,-0.6175084591703031,4.961971773701549e-05
fdcJoPZKm9c,Aprilynne Alter,8.2,-0.6192229771195699,4.51463457460459e-05
cF0wTWOQE1s,Aprilynne Alter,12.2,0.74771611623514,0.0036116456385585
CUft-1LV34Y,Aprilynne Alter,8.5,-0.594735192610938,0.0001090377558002
PIjeg7mAF4g,Aprilynne Alter,9.7,0.00487635960389363,0.0016734923736633
mOFJLBV0LbM,Aprilynne Alter,8.9,-0.2659425442909073,0.0009668951054188
Dpwz0Nx-8og,Aprilynne Alter,8.2,-0.46932495597975454,0.0004362473018809
EBMhiweVN2E,Aprilynne Alter,18.5,2.470496051631257,0.0081065740893811
Izmx3UVjNIc,Aprilynne Alter,8.3,-0.6047412726781884,8.293075684380033e-05
TOHQXdCAo5k,Aprilynne Alter,20.0,3.5152071263746634,0.0108323438968138
JrtiBIx59do,Aprilynne Alter,8.5,-0.6165712906709594,5.206489675516224e-05
0TolBiTrUg4,Aprilynne Alter,15.3,1.2589699601869948,0.0049455649636888
eRWyf-oDdCI,Aprilynne Alter,12.1,0.811973545498997,0.0037793005671077
yEJ4UTQoHXg,Aprilynne Alter,8.8,-0.617186319263629,5.0460217328347126e-05
5zu8s38ZwtQ,Aprilynne Alter,9.1,-0.03170338477439555,0.0015780516674236
BSx1r5kj_OE,Aprilynne Alter,9.4,-0.24577176625334413,0.0010195229554497
ZWKxukGWF5U,Aprilynne Alter,17.6,2.0885510055232377,0.0071100360991665
DmIvnjYkmn4,Aprilynne Alter,7.9,-0.5775157287610158,0.000153965292032
oC240AOSSRI,Aprilynne Alter,9.2,-0.06120604345783026,0.0015010758812733
ZGN_bxJXnmM,Aprilynne Alter,8.2,-0.6201381218195647,4.275862932091813e-05
UUuNTDiKpIo,Aprilynne Alter,8.7,-0.5202490034831307,0.0003033806801778
sFwdctKMUaE,Aprilynne Alter,8.8,-0.15812697642767437,0.0012481981630369
PW5_L0DRI9A,Aprilynne Alter,18.6,2.1916416852411365,0.0073790113871635
9mtxtGQRsR4,Aprilynne Alter,8.6,-0.5702713031249521,0.0001728668210273
5wvmDSMH9AM,Aprilynne Alter,8.9,0.05821933873172657,0.001812670262613
b0iBT83zzBs,Aprilynne Alter,8.3,-0.5512943688155949,0.0002223797972258
SXN9SMLWLzw,Aprilynne Alter,9.0,-0.17873074245819076,0.0011944405981722
oGjHGcmHin4,Aprilynne Alter,8.6,-0.5772576726226241,0.000154638589796
ixZJyYhzYpk,Aprilynne Alter,8.0,-0.6200506009962787,4.298698108572832e-05
Gk1eMcnv4LE,Aprilynne Alter,8.1,-0.5865020805904545,0.000130518879825
iUNQyMGAx8s,Aprilynne Alter,8.3,-0.604921161715202,8.246140592215877e-05
2TaFhoumDlc,Aprilynne Alter,8.7,-0.59504434548947,0.0001082311408398
g3ncvjInULA,Ty Myers,15.5,0.9495732755321287,0.0143447567706327
rmSsQ6I4Hww,Ty Myers,17.3,1.5749036356029333,0.02062893081761
XQUqKbFYCr0,Ty Myers,20.0,4.577051343841549,0.0507986137851367
8ATQHHnAW6Q,Ty Myers,9.3,-0.08180352672822769,0.00398007316134
YX2KiDgD5B4,Ty Myers,9.2,0.024222283147951735,0.0050455653959697
Ose04A3qoiA,Ty Myers,10.0,0.4684650708839295,0.0095099240382259
Yyi-mPHj7-8,Ty Myers,9.6,0.04449018360392123,0.0052492449582697
rq--Xz0cVBE,Ty Myers,9.1,-0.2637973273764351,0.0021511507360563
f5JDyOH7Obw,Ty Myers,8.9,-0.2947853374912402,0.0018397408615879
QKTHWvMsMMo,Ty Myers,9.2,-0.2705926189449101,0.0020828623597948
gfsbMUT-oJY,Ty Myers,9.1,-0.2874611477427432,0.0019133443295651
pHtjahNVisg,Ty Myers,9.0,-0.20514906748038608,0.0027405286013776
JApArZC0WWU,Ty Myers,9.6,-0.2298065644758871,0.0024927363741379
HIEhzhXXTYY,Ty Myers,9.5,-0.39908725098027853,0.0007915726937675
KBU2TYGIsh8,Ty Myers,9.6,-0.18450455495906887,0.0029479928763958
U_0yL4qjdYg,Ty Myers,9.1,-0.33199633904108256,0.0014657938647156
TUCyacbRSZo,Ty Myers,9.3,-0.2918275485504227,0.0018694647670388
QzLvHzGuKzQ,Ty Myers,9.3,-0.3736245184640549,0.0010474570279704
4_9xrEsmE74,Ty Myers,8.9,-0.08275612523085711,0.0039705001497454
03ONNtmi0SA,Ty Myers,8.9,-0.1438991610369787,0.003356051366669
Cr1ZIoU79uA,Ty Myers,9.2,-0.010360319593114575,0.0046980321423504
D72-Su5sX4g,Ty Myers,9.2,-0.41643381882923275,0.0006172506738544
NCEUR5uPvJ0,Ty Myers,9.2,-0.3108971713344425,0.0016778271363768
8oZYfW5cdqM,Ty Myers,8.6,-0.40920471376795337,0.0006898986009498
oT4_nFhr6aI,Ty Myers,9.1,-0.3307024525152887,0.001478796604778
dpAE9mkhdGA,Ty Myers,18.8,2.2170375139533163,0.0270819695802849
7gadjs4N6Go,Ty Myers,8.9,-0.4265411925965709,0.0005156779693009
gmus4NJJ5bU,Ty Myers,9.1,-0.3614388785795065,0.0011699149906697
-e649JbOQp4,Ty Myers,9.3,-0.10247154377498731,0.0037723726807284
lrDPK-zJrDE,Ty Myers,9.3,-0.43557811827965115,0.0004248625899938
neFsphoSBa0,Ty Myers,8.5,-0.4215578215011569,0.0005657576924423
SvhLw4mLmgE,Ty Myers,9.0,-0.41874694422591235,0.0005940052287051
lVSHaGLY4tM,Ty Myers,20.0,3.5337825336228126,0.0403144230280221
t7sJs0E7fWs,Ty Myers,8.5,-0.3907221741052568,0.0008756364180892
U4Yg2VL_Sr8,Ty Myers,8.9,-0.4448670047483651,0.000331515164378
eZvp3z7UuDE,Ty Myers,8.9,-0.43517178932024514,0.0004289459386752
0MDZfex9vlQ,Ty Myers,9.0,-0.44673102506637125,0.0003127829408152
XJuMWC9sk64,Ty Myers,9.3,-0.4077638496713981,0.0007043783725057
hqy1q0CH7aI,Ty Myers,8.8,-0.4515039189657213,0.0002648183801822
StJU0u5Uh1o,Ty Myers,9.0,-0.4344912836217985,0.0004357845899259
VJTtJrS_mRI,Ty Myers,9.1,-0.4312712671352119,0.0004681437161221
M1lc12GedTk,Ty Myers,9.0,-0.4261619236877116,0.0005194893816136
NrP1B2d_1v4,Ty Myers,8.8,-0.38707713996135906,0.0009122667025437
Cbq0gLGwCvc,Ty Myers,8.9,-0.3651633968175968,0.0011324859414122
4JbQ1zJI4-g,Ty Myers,8.8,-0.37167432755062285,0.0010670552114385
uzjsw8FCA2o,Ty Myers,9.3,-0.4376054562075882,0.0004044891278933
A9wtgqJLepo,Ty Myers,9.0,-0.4373609637111351,0.000406946122626
xbgVDtWzPy0,Ty Myers,8.9,-0.4369362561177729,0.000411214164938
utDiwNX4tSc,Think Media Podcast,8.8,-0.35574154939443187,9.008032824780396e-06
vOiMjxK3XVw,Think Media Podcast,9.1,-0.3500970614912625,2.401231210443038e-05
78nNff-0ocY,Think Media Podcast,8.8,-0.3380474158201115,5.6042896981627297e-05
BZaqnVLL_fw,Think Media Podcast,12.8,1.1622746248451494,0.004044225933908
RJ20xWE4nP0,Think Media Podcast,9.0,-0.2868509087188917,0.0001921343731026
XmDOaebbYgk,Think Media Podcast,9.5,-0.35017778992312004,2.3797718334689447e-05
bryEQyQSQjU,Think Media Podcast,9.1,-0.27717768776430074,0.0002178479030501
5xw9hBzz1v0,Think Media Podcast,9.1,-0.28239487120184825,0.0002039794921875
gKXzbfQRva4,Think Media Podcast,9.0,-0.2748427096219782,0.0002240547839506
vIQiIacSZ3Q,Think Media Podcast,9.4,-0.3444545566979232,3.901131984585742e-05
irUkFlX_dbE,Think Media Podcast,20.0,3.748284076968215,0.0109184027777777
XC2x5I6ojVg,Think Media Podcast,8.2,-0.344331359762539,3.9338804155614495e-05
bBUgWsRZEYg,Think Media Podcast,8.6,-0.35339851898447255,1.52363184079602e-05
pDyQgSS3OMQ,Think Media Podcast,9.0,-0.35032589555744514,2.3404021273339456e-05
DcB_XdloASM,Think Media Podcast,8.7,-0.3511333100913008,2.1257737435328896e-05
xVKZhTnf2XM,Think Media Podcast,9.3,-0.04269807285033047,0.0008411458333333
ALLQE2qrmtA,Think Media Podcast,9.3,-0.26123838522413917,0.0002602180437853
rvaGQ9LpwjI,Think Media Podcast,8.8,-0.3476486087092692,3.0520833333333334e-05
lojvKmzy9Vs,Gary Ashworth,20.0,3.6986130017728236,7.085548988178722
PfhcHEYTCfg,Gary Ashworth,9.8,-0.07793427400866938,0.4565941820276498
ZgxvxS6phb8,Gary Ashworth,8.7,-0.33504386738778263,0.0052909809084924
IYJtazYaxfc,Gary Ashworth,8.8,-0.3347289482842894,0.0058437568575817
RRqnbotRkeA,Gary Ashworth,8.8,-0.3350139882032908,0.0053434276936581
Vac6di9Q5M0,Gary Ashworth,8.9,-0.3083277508743182,0.0521856484529295
WbUySX65L60,Gary Ashworth,9.3,-0.2702764218977194,0.1189769585253456
_E85KeD8BkU,Gary Ashworth,9.1,-0.321391225112268,0.0292553965559058
0XcMv1NXojc,Gary Ashworth,8.8,-0.30946084225273757,0.0501967387451258
5V-MYBRDyGg,Gary Ashworth,9.0,0.3190188571712087,1.1533640552995392
TeQ5bIJOwTE,Gary Ashworth,8.9,-0.32157725886793004,0.0289288524221647
GY8PDsePTKI,Gary Ashworth,9.1,-0.28527514742507276,0.0926497695852534
IU_oVj-4Z8Q,Gary Ashworth,8.5,-0.25448942972594324,0.1466877880184331
FQ6lX7TvWV8,Gary Ashworth,8.9,-0.2057396337105323,0.232258064516129
c4nsVQmMeJM,Gary Ashworth,8.9,-0.3223275791561119,0.0276118189211168
bPC-w5jgQ4k,Gary Ashworth,8.3,-0.3360454920373661,0.0035328341013824
90rOwneAK1o,Oussama Ammar,20.0,5.585845532227177,0.0147053669222343
TP1_EyJHZ8Y,Oussama Ammar,10.2,0.7146136725446353,0.0028257028112449
JSiDK-9KP7I,Oussama Ammar,9.7,0.7845743293448211,0.0029963186077643
jp8wp_GLz4Y,Oussama Ammar,11.5,0.7140961134627908,0.0028244406196213
zcwesigwlB0,Oussama Ammar,9.6,0.3035776598966817,0.0018232931726907
2yeqnAbTlT8,Oussama Ammar,15.9,1.8331607918992843,0.005553547523427
UNshkJ3v_Ac,Oussama Ammar,10.3,0.49000438811332875,0.0022779393435812
p9tlHMDdJcg,Oussama Ammar,11.4,0.7039871051927707,0.0027997873848334
mf2RKG1BJ2Q,Oussama Ammar,20.0,9.240358546668595,0.0236177710843373
GLfPVWRns-U,Oussama Ammar,13.4,0.8364135567012088,0.0031227409638554
DlM96_ltL40,Oussama Ammar,20.0,7.094207672536606,0.0183838688085676
_EcChPbOONs,Oussama Ammar,10.3,0.3821896840768042,0.0020150073980131
Se3zu4ydIv4,Oussama Ammar,10.5,1.1212168803588731,0.0038173019948647
MDRnMF3Y39E,Oussama Ammar,9.4,-0.020896596310195647,0.0010319850831899
_i402J8k5ow,Oussama Ammar,9.5,0.15829620574312986,0.0014689895947426
h-rAPBixzKI,Oussama Ammar,9.4,-0.09178026911760284,0.0008591182913472
extOl--EfFU,Oussama Ammar,19.2,2.089477704680392,0.0061786376274328
7EogV6rCb84,Oussama Ammar,9.5,-0.072146708120739,0.0009069994262765
fBAt6YGzmS8,Oussama Ammar,9.3,0.1597360976447122,0.0014725011155734
lgLdIB-3G7Q,Oussama Ammar,9.4,0.03263720717888184,0.001162540068531
drWZyBp-PN0,Oussama Ammar,9.6,0.47377448426060875,0.0022383588407684
swcmFnBejsM,Oussama Ammar,10.0,0.28507690052037216,0.0017781746454845
xiBqQ6D1q60,Oussama Ammar,9.3,-0.28840045322364233,0.0003796129399487
70NXDq5XNa0,Oussama Ammar,9.6,-0.029071677262333506,0.001012048192771
QbuTVyTV4FA,Oussama Ammar,9.8,0.010517777568136854,0.0011085965483555
SMnT8y8vWoY,Oussama Ammar,9.4,0.08723889846390288,0.0012956993537062
_xPjZu1IENU,Oussama Ammar,9.5,-0.1570881517543948,0.0006998493975903
ohH3AIc7vBE,Oussama Ammar,9.4,-0.0898078771207495,0.0008639284410368
DFBhA8jzw-s,Oussama Ammar,9.4,-0.11776525125846299,0.000795747696669
fPgHZn7oH_c,Oussama Ammar,9.3,-0.2754334395179843,0.0004112361046395
7a6HP-N10dU,Oussama Ammar,9.3,0.040886090452095826,0.0011826569435637
WOi0hvNdU1s,Oussama Ammar,9.4,-0.1762231344002001,0.0006531841652323
OMzVgTRRr6Q,Oussama Ammar,9.5,0.01967380561083302,0.0011309257129018
BbPskB5a4X8,Oussama Ammar,9.4,-0.24852339935659923,0.0004768626745789
4KM1TZyiWhw,Oussama Ammar,10.8,0.6259666052397853,0.0026095157328342
J4Z_9bcoLyI,Oussama Ammar,9.3,-0.07379597528238738,0.0009029772937905
4O-Vr4KjAsw,Oussama Ammar,9.4,-0.10204552903149633,0.0008340839995496
bcC6Li5gzTw,Oussama Ammar,9.3,-0.17610930175754838,0.0006534617733607
MHljEA2s1Os,Oussama Ammar,11.1,0.6837674919052831,0.002750477021207
UcbWxV7-iYk,Oussama Ammar,9.3,-0.3353393211078187,0.0002651412826192
g5KPltCRoWU,Oussama Ammar,9.2,-0.21896860128978174,0.000548939119309
9G7ui3RNwYQ,Oussama Ammar,9.4,-0.16862544890602424,0.0006717129387113
dHSzNWMqV5M,Oussama Ammar,9.3,-0.29468930531707715,0.0003642760697964
4BNuwylkp20,Oussama Ammar,9.6,-0.1796577449867855,0.0006448080457422
jRMsQAP2mlw,Oussama Ammar,9.6,0.029602572511432446,0.0011551393859958
GRUFE5oE2CU,Oussama Ammar,9.4,-0.13909154040673552,0.0007437384392341
GBtpKgxBK20,Oussama Ammar,9.1,-0.24128251831267064,0.0004945212950567
761I7DpI3uc,Oussama Ammar,9.4,-0.31622874739646906,0.0003117469879518
XRsHZ-7gVsE,Oussama Ammar,9.2,-0.2623543757868121,0.0004431325301204
Kbj2Ypb2e2Q,Oussama Ammar,9.0,-0.25589757052957673,0.0004588789942378
e7EKfibvfko,Oussama Ammar,9.6,-0.13086515454640452,0.000763800448944
bJEG6GznG0k,Oussama Ammar,9.3,-0.28690216241998373,0.0003832668804715
wkgY69rcaAw,Oussama Ammar,9.4,-0.32815339810538396,0.0002826658747666
O1uP1_Ib0Iw,Oussama Ammar,9.3,0.051815869229273843,0.0012093118235654
JW4mR6ehYgg,Oussama Ammar,9.4,-0.22870068101600363,0.0005252051149382
Bj6GRGdwUUU,Oussama Ammar,10.3,0.3328528974671127,0.0018946878422782
epUtJ58tG0Q,Oussama Ammar,8.9,-0.2960184457053412,0.0003610346430231
6ZOiWjwB1fQ,Oussama Ammar,9.1,-0.1966122814226263,0.00060346035304
ZkEddj1CTOs,Oussama Ammar,9.5,-0.16754185492881807,0.0006743555418254
SXDdU-oCpHE,Oussama Ammar,9.6,0.10614742542233735,0.0013418123197013
xM9LyuGDK2g,Oussama Ammar,9.3,-0.1573341336021726,0.0006992495120145
8r0Rfuz1kBA,Oussama Ammar,9.7,-0.21518278203292182,0.0005581717451523
5Eeo9C0E6wg,Oussama Ammar,9.7,-0.28814157979420607,0.0003802442647301
creNVnPmUcM,Oussama Ammar,9.5,-0.06798519647878715,0.0009171482678682
GZ8V7f8c8QE,Oussama Ammar,9.5,-0.16159753703195054,0.0006888521829252
-5Oo2X0YzBQ,Oussama Ammar,9.4,-0.32490562540385703,0.0002905863453815
76Gu-gRbszI,Oussama Ammar,9.6,-0.019028064016881133,0.0010365419461487
3_2c0I5UPlw,Oussama Ammar,9.5,-0.26071641428878195,0.0004471270910413
-l4yG8fBOeM,Oussama Ammar,9.2,-0.2573655386629965,0.0004552990027997
N4dek77YDCk,Oussama Ammar,9.1,-0.20487599016501365,0.0005833073225544
IS_ImJNa9lI,Oussama Ammar,9.4,-0.22811024200379856,0.0005266450417052
Hucv0JoZ3Cw,Oussama Ammar,9.3,-0.32098523567961024,0.0003001471534994
SOIlnfaOUsM,Oussama Ammar,9.0,-0.3395911267272008,0.0002547722375648
I0n_afKidPY,Oussama Ammar,9.6,-0.32951825309389515,0.0002793373493975
UREK3QXOyyA,Oussama Ammar,9.0,-0.3545224710257856,0.0002183585828462
G-KOeWq9jiU,Oussama Ammar,9.6,-0.21949313139479582,0.0005476599271779
b0ivacB-2Bs,Oussama Ammar,9.7,-0.06442333226647069,0.0009258347257643
K79b92kvqBo,Oussama Ammar,9.5,-0.22120781507252674,0.0005434782608695
FOC2dUBi5XU,Oussama Ammar,9.5,-0.2126264594908081,0.0005644059491554
GBQKj7FUGUo,Oussama Ammar,9.3,-0.24972049149296732,0.0004739432790544
sTt9X24oNJY,Oussama Ammar,9.2,-0.3287525009068371,0.0002812048192771
e1zL1-3sD8w,Oussama Ammar,9.2,-0.1679320753615721,0.0006734038959576
Dgu9PaYhwL4,Oussama Ammar,8.9,-0.38150337576312565,0.0001525591926872
FNr4Q9YVxns,Oussama Ammar,9.2,-0.3498634474798947,0.0002297207262228
BcXVR1aLpm0,Oussama Ammar,9.3,-0.15380953904317865,0.0007078450789459
dZs5WljIOEg,Oussama Ammar,8.8,-0.28664540772332964,0.0003838930382162
wsh_BVtmvds,Oussama Ammar,9.1,-0.33440331561375924,0.0002674239559133
aOx5G5KNO50,Oussama Ammar,9.4,-0.27955656270814,0.0004011808824702
xWKIbLuAm_U,Oussama Ammar,9.3,-0.13448177776675557,0.0007549804481082
Rr2q4KvBpbQ,Oussama Ammar,9.5,-0.29151095415053,0.0003720272393923
VD1gk17jX-8,Oussama Ammar,9.6,-0.20716921441310507,0.0005777147466756
Hc0Lv1O2RLg,Oussama Ammar,9.4,-0.30719355009075455,0.0003337814778427
hzf0cV7gjRQ,Oussama Ammar,9.7,-0.22700115788944192,0.0005293498086161
gGYwWzVgpd8,Oussama Ammar,9.5,-0.29979795002607723,0.0003518174176621
5Ieos9sOXtI,Oussama Ammar,9.6,-0.20001147829636515,0.0005951705983598
XziLJDHljNQ,Oussama Ammar,9.4,-0.277434469903464,0.0004063561133888
tXv3jcbQEqc,Oussama Ammar,9.7,-0.10340686752747574,0.0008307640499887
ysZ40pbzA3U,Oussama Ammar,9.4,-0.08586013594827337,0.0008735559522038
8hz-I0lhmuM,Oussama Ammar,9.6,-0.3171519033578106,0.0003094956513169
jnYNRwAOdHU,Oussama Ammar,9.4,-0.21234013073868988,0.0005651042303086
OotKQBWrHWU,Oussama Ammar,9.5,-0.1423856699220972,0.0007357049164399
2K987mRZclw,Oussama Ammar,9.4,-0.0885938060632973,0.0008668892437218
yc6HbOjx81s,Oussama Ammar,9.1,-0.33416207116983265,0.0002680122881966
d-CU5IQtoXU,Oussama Ammar,9.6,-0.20550737222324464,0.0005817675463759
gzi3nZf3iAg,Oussama Ammar,9.3,-0.23721126500104095,0.0005044500201197
nDwSDh6kCX0,Oussama Ammar,9.0,-0.23038557285184244,0.0005210961031626
F2EQD1QtTe4,Oussama Ammar,9.5,-0.0735061506171416,0.0009036841005641
bAErr21ONso,Oussama Ammar,9.4,-0.12132915247075492,0.0007870562710612
_5_uZbMMh60,Oussama Ammar,9.3,0.016739574606078046,0.0011237698887151
qDiculqZg-4,Oussama Ammar,9.4,-0.17236474476120792,0.0006625937713116
kuaUioWlC8E,Oussama Ammar,9.1,-0.03810505151940414,0.0009900181488203
fwjVl19rNNE,Oussama Ammar,9.1,-0.3644258044911155,0.0001942069352679
3IavAOiq3cg,Oussama Ammar,9.1,-0.359265419340677,0.0002067917688452
3ku0STVaiIA,Oussama Ammar,9.0,-0.31227691446962197,0.0003213844778406
_rMsA7sWDZc,Oussama Ammar,9.3,-0.3342564339756482,0.0002677821619226
ooyOXJ-POnM,Oussama Ammar,8.9,-0.29626011378042033,0.0003604452776139
w7nGxUz48dQ,Oussama Ammar,9.1,-0.10499415717922317,0.0008268930644859
Dxm9XJm_KRI,Oussama Ammar,9.1,-0.3736475155102844,0.0001717175870718
sTvi_iK5ieo,Oussama Ammar,9.6,-0.009264509502434811,0.0010603527093195
PlcttP2YCKI,Oussama Ammar,9.0,-0.3257677141563646,0.0002884839357429
KTQZgO0OJzs,Oussama Ammar,9.2,-0.3480570903457414,0.0002341259601834
7Pm92DilDcU,Oussama Ammar,9.2,-0.36415363406209084,0.0001948706879635
HfWpweT2wvk,Oussama Ammar,9.2,-0.2933160465741336,0.0003676250897309
zEv3USnUr6o,Oussama Ammar,9.1,-0.16231916589823847,0.0006870923183178
wNOtm9204cU,Oussama Ammar,9.1,-0.31107408151915894,0.0003243178737135
yT-WMSd4DLs,Oussama Ammar,11.5,0.5160147309399411,0.002341371786358
g0XvgIqYyFg,Oussama Ammar,9.2,-0.24941684984055199,0.0004746837818563
zZtpVZTQR2k,Oussama Ammar,9.9,-0.01992177787565423,0.0010343624111236
8_nXwrw5WZU,Oussama Ammar,9.1,-0.3878975189131908,0.0001369655451072
xSFVwVytr_8,Oussama Ammar,9.1,-0.26035842015195626,0.0004480001453778
1tdWAhyPxwM,Oussama Ammar,9.1,-0.35296973641811197,0.0002221452976083
30f53DqNkDA,Oussama Ammar,9.8,0.2703951867488841,0.001742369774519
0wD0e_PfmMU,Oussama Ammar,9.1,-0.30938492803997575,0.0003284372785258
4GqQfIlGyJM,Oussama Ammar,9.1,-0.3635158589645916,0.0001964260550975
oVRwX_ma8Lk,Oussama Ammar,9.2,-0.3475187028820413,0.0002354389467984
a3ikEfhqlgY,Oussama Ammar,9.2,-0.22369277126719725,0.0005374181007758
7AjSsT-vPzM,Oussama Ammar,9.9,0.10136069672498524,0.0013301387367652
1qVILy8sBW4,Oussama Ammar,10.3,0.059412920610750396,0.0012278390506089
LnV_Pz-qejs,Oussama Ammar,9.1,-0.050762425785809924,0.0009591501139693
4urEuHElBgI,Oussama Ammar,9.4,-0.263188743761193,0.0004410977242302
AwWOFDcYv3A,Oussama Ammar,9.2,0.4489321062243712,0.0021777747595155
QznOyK5KD44,Oussama Ammar,9.2,-0.34728900723888295,0.0002359991145685
sVrkyihDGKY,Oussama Ammar,9.2,-0.3087891435190032,0.0003298902415946
qF58KhWE1dI,Oussama Ammar,9.8,0.14188896225824218,0.0014289766068163
DRFWx3xzyAQ,Oussama Ammar,9.2,-0.32714924099991594,0.0002851147520673
N2_M0QOtoYo,Oussama Ammar,9.3,-0.2807330576176275,0.0003983117182104
G-lsBq9USCM,Oussama Ammar,9.5,-0.26625774079618925,0.0004336132408421
P2onpq8TcIU,Oussama Ammar,9.4,0.11527704640175336,0.0013640770843071
kNwuRMdRkpw,Oussama Ammar,9.2,-0.08709611557553032,0.0008705417202307
9ZMhl_0aNQU,Oussama Ammar,9.1,-0.378799509216627,0.0001591532180382
ouf3MAO8-vw,Oussama Ammar,9.2,0.16330021362429,0.0014811930649426
DIK8vh-bZIg,Oussama Ammar,9.1,0.4262726440518392,0.0021225142407598
KLmAK0d4aq4,Oussama Ammar,9.1,-0.16900049417181906,0.0006707983011181
vPtxSoJJekk,Oussama Ammar,10.1,0.2588277651063862,0.0017141598498631
qOw8vO65mK4,Oussama Ammar,8.8,-0.2491563686328455,0.0004753190275896
6WVr6YDcJyI,Oussama Ammar,8.8,-0.320636017097366,0.0003009988065469
Fj1Y7gCKUPk,Oussama Ammar,8.5,-0.3283273536226433,0.0002822416426268
Zea77fJw6hs,Oussama Ammar,9.3,-0.3481769802663801,0.0002338335799337
eBtFox-rp_c,Oussama Ammar,8.6,-0.31969758589059044,0.0003032873955217
4wWvbLAmJdQ,Oussama Ammar,8.6,-0.3303466437299152,0.0002773171206767
XGYsNKX_sqA,Oussama Ammar,9.3,-0.34540209720599085,0.0002406007960413
WZaX68NXmIU,Oussama Ammar,9.4,-0.3679522888356147,0.0001856067596425
4jP9wvrJNeQ,Oussama Ammar,9.3,-0.38215823786403263,0.0001509621548081
jb3jf1fQZd8,Oussama Ammar,8.8,-0.342212610067853,0.0002483791233677
x4x2-fuNv1s,Oussama Ammar,9.0,-0.331780537548729,0.0002738202276055
XUnsRJIVbGQ,Oussama Ammar,9.2,-0.34406271969005336,0.0002438671884992
IwHjpX20wLE,Oussama Ammar,9.1,-0.34973544873074225,0.0002300328817905
6UbxfNK8leE,Oussama Ammar,8.7,-0.31069162633689346,0.0003252505821605
xTanPPhtGJQ,Oussama Ammar,9.1,-0.3461162340590429,0.0002388592025003
XO0Z4QbctNQ,Oussama Ammar,9.3,-0.3633583782620742,0.0001968101094607
6Hwi3nh8UMY,Oussama Ammar,9.1,-0.3475980954039778,0.0002352453291426
WVA5ZBSvorA,Oussama Ammar,8.7,-0.3899148877611122,0.0001320457086076
v8QL8sIZduc,Oussama Ammar,8.6,-0.36426333545020706,0.0001946031548875
LEE_AquwbAE,Oussama Ammar,9.4,-0.34274243769003315,0.0002470870119738
TpjT4V49gko,Oussama Ammar,9.2,-0.3669330021388275,0.0001880925340707
B5wQGH44ZMQ,Oussama Ammar,9.2,-0.28299541471294687,0.0003927944192672
aIM2o3ta3bI,Oussama Ammar,9.2,-0.28578611685338656,0.0003859886245489
HxZWuFzfJJo,Oussama Ammar,9.1,-0.10108158483276897,0.0008364348080581
0oJ5Er_rCfY,Oussama Ammar,11.9,0.67344270907667,0.0027252975685437
X526DLK9Yx4,Oussama Ammar,9.0,-0.35025314409357955,0.0002287703578131
Ely272RA278,Oussama Ammar,9.1,-0.3324611061482158,0.0002721604982805
sKhD9_8skXU,Oussama Ammar,9.3,-0.25993420011303564,0.0004490347074181
_3ZP5--O8OQ,Oussama Ammar,9.1,-0.36898544739436073,0.0001830871553607
WZOHTcCzNc8,Oussama Ammar,9.2,-0.32405499926983977,0.000292660800683
Cba-MB8qyyE,Oussama Ammar,9.2,-0.24938268392869795,0.000474767103605
npwjVyh2BWA,Oussama Ammar,8.9,-0.2539697130988197,0.0004635805357351
viGn8qlErWY,Oussama Ammar,9.1,-0.33113491515195165,0.0002753947322559
8WqbNp0ZxX8,Oussama Ammar,9.4,0.04776879441679995,0.0011994420635562
O-XXVXJYKSs,Oussama Ammar,9.2,-0.3434029562249999,0.0002454761795272
WweHMUyyzpo,Oussama Ammar,9.1,-0.36668328727216737,0.000188701523506
7YXqKM50Lic,Oussama Ammar,9.0,-0.29410112878398,0.0003657104789669
JjO_AU4SIt4,Oussama Ammar,9.1,-0.2941938020238541,0.0003654844731036
EsECVY_Y3yI,Oussama Ammar,9.4,-0.32645635453378596,0.0002868045214566
7Td3TLldDnY,Oussama Ammar,9.3,-0.2696619264179979,0.0004253113199064
T-_9etMoI9I,Ottilie,9.1,-0.11331313544127367,0.0067079845058103
Me6N2_-vyqQ,Ottilie,9.4,-0.24455575750971323,0.0004637654298105
O6P1qVF-6lA,Ottilie,8.9,-0.24906122183185878,0.000249405903742
L3mNoM3g5ts,Ottilie,9.0,-0.25207513202306747,0.0001060110582818
8xdUwdZlHhw,Ottilie,8.9,-0.2487817210557887,0.0002627039013756
hP48lsWu04c,Ottilie,9.1,-0.25190476760879355,0.0001141166013494
RD4m0TXGKIM,Ottilie,9.2,-0.22613882096001076,0.0013400004875432
RazIz8EcY-g,Ottilie,9.2,-0.2529556492540704,6.411809390847312e-05
vpUfaJn-R_4,Ottilie,9.1,-0.2457587279000151,0.0004065308931897
09QLeSZ5aJQ,Ottilie,9.0,-0.2529270332272394,6.547957798888062e-05
y_YfoiuKOwA,Ottilie,8.8,-0.22572135015317218,0.0013598627787307
9iHdg8fwfQs,Ottilie,9.2,-0.24982425148558962,0.0002131027253668
a5DzxKy0yQQ,Ottilie,9.1,-0.24138554214082344,0.0006145969125214
LogpmCYa-wY,Ottilie,9.3,-0.25130544205191985,0.0001426311190875
mwea6NhZNVo,Ottilie,9.2,-0.23117337548028627,0.001100468078946
G5EfhlDiW1w,Ottilie,8.7,-0.25189484189349837,0.0001145888438253
j5paNhL3lu0,Ottilie,9.4,-0.2510001542076358,0.0001571560055223
7oi-n6XiHjQ,Ottilie,9.0,-0.25139817304117174,0.0001382191940368
13yIfxczLpc,Ottilie,20.0,4.8552664632010085,0.2431014595941616
SeMD6q0G_4w,Ottilie,9.2,-0.17571987008804604,0.0037388170447318
cYRi6i9_APg,Ottilie,8.9,-0.18778530224923667,0.0031647718109982
eO17MRaqfmw,Ottilie,10.1,0.3701577465094657,0.029710405946255
5svTYvXA5Jw,Ottilie,9.3,0.1314854091482365,0.0183549305802776
uD-5v7pVruo,Ottilie,9.1,-0.21411292152340078,0.0019121648460774
mwSvaZjcOT0,Ottilie,9.3,-0.24048245458280557,0.0006575637206223
3Xft6Nzei6g,Ottilie,9.1,-0.2476339731492931,0.000317311080501
J8LrrCpDNJI,Nate Black,20.0,6.590536067537568,0.0151190476190476
7KL_zwHd2yM,Nate Black,13.5,0.7595209499727718,0.0028940351058872
4TpuWUn3cck,Nate Black,14.0,1.0423722805638729,0.0034870469547888
06eJnsEsG_Q,Nate Black,11.2,0.4076549353197116,0.0021563305475279
u07gclzeZh8,Nate Black,10.7,0.19826167557195554,0.00171732718894
amHDyPaZ_JE,Nate Black,9.4,-0.08972521339224136,0.0011135483870967
fhxh24WoZ14,Nate Black,9.4,-0.14768245999777982,0.0009920381439065
AtBnEOvAUE8,Nate Black,9.2,-0.25105759894065516,0.0007753070359182
72-ahy9bYk4,Nate Black,18.4,2.0883903150062104,0.0056800756645805
anw0vK2a1T8,Nate Black,11.1,0.45389978572629675,0.0022532851709496
-zd1lLaC-I0,Nate Black,12.1,0.7021986205728269,0.0027738559981214
wqjiXKKqek4,Nate Black,12.7,1.218491039595079,0.0038562886716338
plKOvS18UDk,Nate Black,9.5,-0.3941528876468453,0.0004753006631448
UjeOJb6lk5M,Nate Black,8.7,-0.4900101724243369,0.0002743311094298
c6X-Ywy3yVU,Nate Black,9.1,-0.3272100151931461,0.0006156497167681
9mLuaqqW1jY,Nate Black,9.3,-0.2363876682741866,0.0008060632734427
DNQ4YIkNBms,Nate Black,9.2,-0.44416828627122407,0.0003704408983001
e_QqUfD-HYU,Nate Black,8.8,-0.47085780791872384,0.0003144849919043
FShV1I-VZmI,Nate Black,8.9,-0.5042886172853038,0.000244395641321
acOx8xUNXyQ,Nate Black,9.0,-0.47195743446702215,0.0003121795702853
tJfSkIDoUlk,Nate Black,8.9,-0.3483328104044888,0.0005713647285516
IHDJkJpYC90,Nate Black,9.2,-0.2388482264088711,0.0008009045912271
HhGkksoEJVc,Nate Black,8.6,-0.34641108634083323,0.0005753937184018
VRy-ylG1jtY,Nate Black,9.0,-0.3542824660474616,0.0005588909802903
eVV3pC3SBMs,Nate Black,8.8,-0.49926757917102754,0.0002549224968579
qy1xGUmrriw,Nate Black,8.8,-0.4445611630936021,0.0003696172125485
y9uv826vBsQ,Nate Black,9.2,-0.3771915345747851,0.0005108609814368
ERcw77yeEg0,Nate Black,8.6,-0.3805308507709071,0.0005038599393438
2ewOdHIWKjo,Nate Black,10.4,0.21205764096739663,0.00174625111491
dWCWvxqqH8U,Nate Black,9.2,-0.14714959269476674,0.0009931553266467
pL8rsRlNplI,Nate Black,10.0,0.5545353012952137,0.0024642725226017
SKgUUqQz680,Nate Black,9.2,-0.17354181049447845,0.0009378227325192
AH8Tcqu9cB4,Nate Black,9.1,-0.35222340047019485,0.0005632079134383
krl-bD9bZsk,Nate Black,8.5,-0.32808194998749657,0.0006138216622087
roYovB7ZxVk,Nate Black,9.4,-0.15274628458529785,0.0009814215844055
qwkOZRH4Fzs,Nate Black,8.8,-0.3970702018049987,0.000469184369263
2gS0Urf3BWE,Nate Black,9.3,-0.3947473886461154,0.0004740542623023
NBcbOOV9hx8,Nate Black,9.0,-0.42490537455337785,0.0004108265484901
2eOo4ZNEWIM,Nate Black,9.0,-0.41539838872213625,0.0004307584159962
qOZawYXbRvU,Nate Black,8.7,-0.4660596316752784,0.0003245446064712
Q6ww9pxqO74,Nate Black,9.0,-0.48584025968233,0.0002830735383932
hdfhxEShnHA,Nate Black,8.8,-0.5117023791788902,0.0002288523216603
6k6IkqHjKr0,Nate Black,8.8,-0.1676541503762134,0.0009501665040869
A92TTXLeIHs,Nate Black,9.2,-0.09616375436702111,0.0011000496664801
x8k5056pUv0,Nate Black,8.9,-0.3758658084469729,0.0005136404320427
N2TsvfU6P2c,Nate Black,8.7,-0.4647586975404491,0.0003272720794337
aaz3Ovxx8nY,Nate Black,9.2,-0.30727696063965637,0.0006574403546637
m9dU46-A4wQ,Nate Black,8.9,-0.46968925995048494,0.0003169349106999
f_5b-ZauQjk,Nate Black,8.7,-0.43841249661265125,0.000382508196906
P3zU3BzaBWc,Nate Black,20.0,3.8174784847843597,0.0093051948051948
7n9hBmA-oCY,Nate Black,9.7,0.1737896969205537,0.001666020471464
StW0deSvP_w,Nate Black,9.4,0.17284476317762712,0.0016640393709869
b6HKimo_0NM,Nate Black,9.2,-0.4064854020996555,0.0004494449346885
8M51ebRqJqk,Nate Black,9.4,-0.09406480417700278,0.0011044502196977
IahPfguB3dA,Nate Black,9.1,-0.3643389068273953,0.0005378071532218
xY7kvLjF6xI,Nate Black,9.2,-0.2713124113344248,0.0007328418167457
F1JvDfAoRi0,Nate Black,8.6,-0.4639387850740227,0.0003289910666014
fK05COJuSxs,Nate Black,9.5,-0.002587837802448548,0.0012962362185414
eBuZ_erh5UU,Nate Black,9.2,-0.1036362959378845,0.0010843831123095
kZI9MAPJudw,Nate Black,9.8,0.4355580354503123,0.002214830781428
2ca5g-OBhW4,Nate Black,9.5,0.46343387237105194,0.0022732738566559
6SYF4O0d-LI,Nate Black,9.1,-0.3156167255052146,0.0006399556238265
MFOk2j1MGGM,Nate Black,9.3,-0.1630461147675099,0.0009598274793788
ovHER9A1gQk,Nate Black,9.1,-0.3956461182065123,0.0004721700311864
oY8s0rTC8us,Nate Black,8.5,-0.4867226566694753,0.0002812235493275
gLG6tUolODk,Nate Black,9.0,-0.4539828578894086,0.0003498641619301
wnpeqNNmEOs,Nate Black,9.2,0.07836421849843411,0.0014659562211981
zJ7gHt89ogA,Nate Black,8.8,-0.4218690208903917,0.0004171924146002
NBUBf9D6cTU,Nate Black,8.9,-0.40805541617222957,0.0004461533222855
NXLTDL6ib4Y,Nate Black,8.8,-0.4386283707062892,0.0003820556061576
V6Nd-T1TgBw,Nate Black,8.8,-0.41256879227034343,0.0004366908053543
206Lfq2rI9w,Nate Black,9.0,-0.3640217226368973,0.000538472145615
lSNtY91HgNI,Nate Black,9.2,-0.4496632938182311,0.0003589203423304
wnEB-ArrkLc,Nate Black,9.1,-0.42640963622368927,0.0004076727892609
Af5r4454atw,Nate Black,9.4,0.20239799399760622,0.0017259991857523
yBGEaFW5QkU,Nate Black,9.5,0.7723243305950048,0.0029208780286308
KDx5rRU7jaY,Nate Black,9.0,-0.5153031698625599,0.0002213030853305
BCALTrc2FBA,Yomi Denzel,9.2,-0.0051887424703815,0.0026971283783783
zXOdTxKLiiY,Yomi Denzel,9.3,0.057511087303182724,0.0031029729729729
X8GzQeLP4a8,Yomi Denzel,9.5,-0.1090482207575798,0.0020248648648648
ldFjeR0v_r4,Yomi Denzel,9.1,-0.23836237895867501,0.0011878378378378
kn8GgoQ4xUk,Yomi Denzel,9.4,-0.06525454959410931,0.0023083333333333
uLnSqW8tiUU,Yomi Denzel,9.7,0.16160245303445983,0.0037767374517374
IvkvMtd30XI,Yomi Denzel,9.6,-0.06654198470696625,0.0023
JdcM7bcMHMo,Yomi Denzel,9.4,0.44838421656542543,0.0056330236486486
NywjGbbRg2A,Yomi Denzel,9.2,0.13774265171500086,0.0036222972972972
x8JUj3B2CkA,Yomi Denzel,9.7,-0.2526842247006756,0.0010951351351351
U5AwYELXRpw,Yomi Denzel,9.5,0.3750343407872881,0.0051582432432432
YMzzIJUbxME,Yomi Denzel,9.4,-0.24245243694621946,0.0011613636363636
rngnhI9BpQM,Yomi Denzel,9.1,0.02123847288688864,0.0028681869369369
qawA0wvELJI,Yomi Denzel,9.2,-0.2761938337278415,0.0009429617117117
lC_x_CIutHM,Yomi Denzel,9.2,-0.03564354199827603,0.0025
GpEdiSQWtxI,Yomi Denzel,9.2,-0.19333446015612638,0.0014792953667953
V5vRgPFUMZA,Yomi Denzel,9.0,-0.27806844363879807,0.0009308277027027
noXZksOT60I,Yomi Denzel,9.3,-0.2894139655708952,0.0008573902027027
RYEHJhzZt9Q,Yomi Denzel,9.0,-0.24599565133392404,0.001138429054054
olNYU_4pUdQ,Yomi Denzel,9.7,0.29790244527040094,0.0046589825119236
hk1r6pLI_sE,Yomi Denzel,9.5,0.14738920447640944,0.0036847376788553
FS2RrsfHfLs,Yomi Denzel,9.6,0.44619286486795523,0.0056188394276629
8SgiXouxHAs,Yomi Denzel,9.3,-0.1935341202991022,0.001478003003003
dghG5Jhz98o,Yomi Denzel,15.4,1.5073764370532527,0.0124876876876876
m1rsxKPquXs,Yomi Denzel,9.9,0.40251109961991566,0.0053360953058321
bHdjCks4tik,Yomi Denzel,8.8,-0.2735132033630542,0.0009603129445234
Q5_KJY7bevI,Yomi Denzel,9.5,0.15611469873099132,0.0037412162162162
AgSd5mVn5_k,Yomi Denzel,9.4,-0.26746015228653863,0.0009994932432432
BcJCZQVZHEw,Yomi Denzel,9.3,-0.310155526970519,0.0007231338481338
0CeThpQfbj4,Yomi Denzel,9.3,-0.29341389971137155,0.0008314993564993
gNL0ffYF-qM,Yomi Denzel,9.2,-0.26333925279445264,0.001026167076167
-0sLzuZE8Cs,Yomi Denzel,9.2,-0.29718899024589635,0.0008070638820638
ZBRKHtnFDbM,Yomi Denzel,9.6,0.33211530306045145,0.0048804361179361
LrUS637OwNM,Yomi Denzel,8.7,-0.34736017568193284,0.0004823149236192
2fwVHlo3wNk,Yomi Denzel,9.1,-0.3464388502016386,0.0004882784958871
X0DmNsY8YyM,Yomi Denzel,9.3,-0.1696260518694966,0.0016327555816686
dT4fDGOvQsw,Yomi Denzel,9.6,0.2545034476771056,0.0043780686936936
DKIsIfNI61Y,Yomi Denzel,9.3,-0.3236944347448663,0.0006354989604989
gW4d0IWclSs,Yomi Denzel,9.3,-0.26416996598199105,0.00102079002079
3OF84XNTQks,Yomi Denzel,9.3,-0.26283911078908995,0.0010294044044044
sh88FNhlanc,Yomi Denzel,9.2,-0.3934229197141134,0.0001841591591591
XEOR2dr1TAk,Yomi Denzel,9.1,-0.15136192146698224,0.0017509759759759
iYRvdHSkrpQ,Yomi Denzel,9.3,-0.27935277200670844,0.0009225144787644
ZNY8bGTU6Js,Yomi Denzel,9.1,-0.20285974021412545,0.0014176399613899
OJDTYrALUe8,Yomi Denzel,9.3,-0.2763106473384814,0.0009422055984555
IaZU8uaN7o4,Yomi Denzel,9.5,-0.27937552623533884,0.0009223671947809
AvsNlB9iYbY,Yomi Denzel,9.2,-0.028795779019597074,0.0025443243243243
p4VH_xWPHW4,Yomi Denzel,9.1,-0.30423382253055,0.0007614639639639
dhNsFScr1ZU,Yomi Denzel,9.0,-0.28851667549056054,0.0008631981981981
EnX7-PbQdt0,Yomi Denzel,9.4,0.18216084676408292,0.003909808195292
e6jtomGL5B8,Yomi Denzel,9.4,-0.060322561899328574,0.0023402571926765
RSk4HSXbKr8,Yomi Denzel,9.3,-0.38437970291627827,0.0002426942567567
sYpLypG2Ieo,Yomi Denzel,20.0,2.566777142724709,0.019344995777027
mHixj9ugRD0,Yomi Denzel,9.4,-0.027485074386959036,0.002552808277027
apIb8eaEm-M,Yomi Denzel,9.2,-0.3431697194856102,0.0005094389844389
O0oVEWTr_6c,Yomi Denzel,9.1,-0.31200556535313545,0.0007111588861588
BDG_Xr4x-ck,Yomi Denzel,9.3,-0.11764398531701503,0.001969226044226
wPvTXtGcwK8,Yomi Denzel,9.2,-0.35055958586908453,0.0004616057233704
tj_-TVrWK9A,Yomi Denzel,9.2,-0.31121503665289074,0.0007162758346581
OYAfdNsCWmA,Yomi Denzel,9.0,-0.3223168618550581,0.0006444157392686
oH--jNtbMa4,Yomi Denzel,8.8,-0.29248237330152477,0.0008375289575289
Atk-3E3CcFg,Yomi Denzel,9.1,-0.20613076985126716,0.0013964671814671
9uBEi7x_meg,Yomi Denzel,9.2,-0.3102441727601452,0.00072256006006
v0TO-064FH4,Yomi Denzel,9.8,0.13352659168325465,0.0035950075075075
myrwYxsNZ28,Yomi Denzel,9.3,-0.34504261597964603,0.000497316066066
Lw6Ra9t94sM,Yomi Denzel,9.4,-0.3151006588779992,0.0006911249086924
mcxgpobxS70,Yomi Denzel,9.2,-0.29068829357866116,0.0008491417092768
JakMUZnjpgQ,Yomi Denzel,9.3,-0.1350113734440042,0.0018568100995732
o5O-EQomplQ,Yomi Denzel,8.7,-0.3267915903060707,0.0006154516358463
61b0DefEu80,Yomi Denzel,8.9,-0.33902954925584994,0.0005362375533428
JpdnOFA9jKo,Yomi Denzel,9.0,-0.36839867851829605,0.0003461365211365
JVq9LtAw97Y,Yomi Denzel,9.2,-0.32840253945073744,0.0006050242550242
fyBuiEwmfGM,Yomi Denzel,9.1,-0.3540441784969357,0.0004390505890505
1gxnlNrKglI,Yomi Denzel,20.0,2.807195863805069,0.0209011824324324
wc8bJ6HIw3w,Yomi Denzel,9.2,-0.3437719987128489,0.0005055405405405
4Lj9yxSk090,Yomi Denzel,9.2,-0.34717907650065544,0.0004834871456822
QoRbvIbsDgI,Yomi Denzel,9.0,-0.345679473439067,0.0004931938035596
D0HJ1v_DqdE,Yomi Denzel,9.4,-0.205910866865318,0.0013978905735003
2WJ8b3o42bo,Yomi Denzel,9.0,-0.32130004250347627,0.0006509974259974
ST2_VaB0PkY,Yomi Denzel,9.5,-0.24396446147681064,0.0011515765765765
B98wBBPU1bQ,Yomi Denzel,9.3,-0.28515186550545063,0.000884978001257
adLcLlp_tAs,Yomi Denzel,9.4,-0.1638788765083274,0.0016699560025141
5t2Goo5jTH8,Yomi Denzel,9.5,-0.3652940943820922,0.000366231929604
0RmcWZXQWUk,Yomi Denzel,9.0,-0.38216919738849714,0.0002570024570024
h5SbrS_K_uc,Yomi Denzel,9.5,-0.027007920725270782,0.0025558968058968
NxCIhBG6RvI,Yomi Denzel,9.5,-0.36322539632669326,0.0003796222358722
JJieUwGVMpY,Yomi Denzel,8.9,-0.3612444227654376,0.0003924447174447
S5kIheG992Y,Yomi Denzel,9.5,-0.3621788412724264,0.0003863963963963
Wswm1l-dmI0,Yomi Denzel,9.1,-0.32322870977679674,0.0006385135135135
rSVQjPQCBh8,Yomi Denzel,9.2,-0.3110201133822181,0.0007175375375375
fTik_B3WcKA,Yomi Denzel,9.4,-0.2950511272919397,0.000820901880141
YYEkCqDVK7c,Yomi Denzel,8.9,-0.38387280370651794,0.0002459753231492
wJYmvvBtvFE,Yomi Denzel,9.3,-0.2599015607721392,0.0010484186313973
uKxkIZDnxnA,Yomi Denzel,9.8,0.3581472491188506,0.0050489361702127
T-N8PPx3l7M,Yomi Denzel,9.3,-0.2276018571031994,0.0012574887387387
zH2pYBO9u5o,Yomi Denzel,9.1,-0.323607111313359,0.0006360641891891
xS6kVTNFJYU,Yomi Denzel,9.2,-0.3540358141835634,0.0004391047297297
725jrwfcAkg,Yomi Denzel,9.0,-0.3768578739210789,0.0002913816878102
BjdtBM_IVcs,Yomi Denzel,9.3,-0.2971980926051566,0.0008070049641478
9INxaaRsnJA,Yomi Denzel,9.3,-0.26700692257843733,0.0010024269167126
DpUD63Avi6M,Yomi Denzel,9.5,-0.3490590750445114,0.0004713182570325
abcutpLWQCI,Yomi Denzel,12.4,1.0940264884902,0.0098121486486486
a7hAQytXCkI,Yomi Denzel,8.8,-0.3074642407975246,0.000740554054054
UdaQLNy_38g,Yomi Denzel,9.2,-0.34724991563459107,0.0004830286168521
UOoiuh5unuQ,Yomi Denzel,8.9,-0.334015328289978,0.0005686936936936
-TYn1nmO29k,Yomi Denzel,9.2,-0.10113611563206067,0.0020760784823284
NSaOSkn11S4,Yomi Denzel,9.2,-0.33973384205012325,0.0005316787941787
yHu9MoS0rPk,Yomi Denzel,9.2,-0.3761881836417958,0.0002957164711881
II6WEhHhzOc,Yomi Denzel,9.1,-0.3382288716629234,0.0005414201937786
Ys8Gwn6_ZP4,Yomi Denzel,9.0,-0.3684783811309657,0.0003456206206206
fMm4CLggOhU,Yomi Denzel,9.3,-0.37460401356558914,0.0003059705159705
JZ-oR9LO_9I,Yomi Denzel,11.1,0.6389579062777637,0.0068665724815724
9CT9KAmAdzE,Yomi Denzel,9.1,-0.3507327229384031,0.00046048503861
zzZsF9S6pzg,Yomi Denzel,9.1,-0.35328460325140426,0.0004439671814671
Qnp5z-4ZeP8,Yomi Denzel,9.0,-0.34744823946044306,0.0004817449027975
a1nhjdhQ_wM,Yomi Denzel,9.4,-0.1289413824317942,0.0018961000474158
l_Wa1yEpcCU,Yomi Denzel,9.1,-0.18342387831749232,0.00154344476055
bv-JeV07bP4,Yomi Denzel,9.1,-0.2561495008884253,0.0010727050326188
1Avt_z5Yk3g,Yomi Denzel,9.4,-0.3610418668894228,0.0003937558247903
z9d5sck46bg,Yomi Denzel,8.8,-0.350689592747981,0.0004607642124883
acv4BtbLKXs,Yomi Denzel,8.9,-0.3116187933169771,0.0007136623912047
nlO8l_45TNk,Yomi Denzel,8.9,-0.34789580140784243,0.0004788479157123
147lxRBWuZg,Yomi Denzel,9.1,-0.32867421234877553,0.0006032657657657
lH-uGyxOfwI,Yomi Denzel,8.9,-0.36998522147702523,0.0003358671171171
5oK_YUGsKsI,Yomi Denzel,9.0,-0.34817015542273944,0.000477072072072
6GL0ajvad18,Yomi Denzel,9.4,-0.024005288295256215,0.0025753322995126
U3pxCB7QxPA,Yomi Denzel,9.1,-0.34177017116075153,0.0005184980062029
q9aVlxvWyLQ,Yomi Denzel,9.0,-0.3754338107504553,0.0003005993897122
uQ3MC1bYMkM,Yomi Denzel,8.8,-0.3187467123761719,0.0006675246675246
F1nqUvJqmeQ,Yomi Denzel,9.3,-0.407896208917258,9.047619047619048e-05
Tci5IXlMk0g,Yomi Denzel,9.0,-0.3496858275543359,0.000467261402027
hAvsipagegY,Yomi Denzel,9.1,-0.24139285333329838,0.0011682221283783
dQbWe1qVaxw,Yomi Denzel,9.3,-0.1586615553226892,0.0017037267736486
JuEUDeaDwnI,Yomi Denzel,9.5,0.3789687381427496,0.0051837098817567
qneckt5Lu3E,Yomi Denzel,9.2,-0.33985990898113194,0.0005308627858627
b8U1qFr100s,Yomi Denzel,9.2,-0.3676572657817876,0.0003509355509355
beCqrtNovJk,Yomi Denzel,9.3,-0.19825864136400698,0.001447422037422
tGzen6FM0v4,Yomi Denzel,9.1,-0.3816029789973411,0.0002606674856674
G-WfB4mRj2k,Yomi Denzel,9.2,-0.2980541339888119,0.0008014639639639
o-ws9CNDaPI,Yomi Denzel,9.0,-0.2285360135813211,0.0012514421137555
VlW_MAF_1p8,Yomi Denzel,9.0,-0.3798685840321267,0.0002718939088342
Ypzb3VTvLTI,Yomi Denzel,9.4,-0.3961996387151,0.0001661859620814
-XCWwV_LNzU,Yomi Denzel,9.3,-0.3382388932428978,0.0005413553259141
twzI51bQXPc,Yomi Denzel,9.3,-0.40006472621335026,0.0001411679536679
